governorate,year,month,NDVI_mean,NDVI_max,NDVI_std,image_count
Gabes,2002,1,0.11204008521837469,0.11523059191752133,0.00319050669914741,2
Gabes,2002,2,0.11248927303699649,0.11538780554753189,0.0028985325105358767,2
Gabes,2002,3,0.10924364480159536,0.11318764339478121,0.003943998593185737,2
Gabes,2002,4,0.10816716036590003,0.11085122487349731,0.0026840645075971318,2
Gabes,2002,5,0.10355748652238035,0.1061349373219457,0.002577450799565551,2
Gabes,2002,6,0.10307799837306761,0.105739641422391,0.002661643049323467,2
Gabes,2002,7,0.10271653289426454,0.105542363227851,0.0028258303335863596,2
Gabes,2002,8,0.1030100683391114,0.10547574161638733,0.002465673277275852,2
Gabes,2002,9,0.10619890951049012,0.1089297597038492,0.0027308501933593007,2
Gabes,2002,10,0.10675950303089886,0.10675950303089886,0.0,1
Gabes,2002,11,0.11328663882735555,0.1173254031030145,0.004038764275658787,2
Gabes,2002,12,0.1144077179615452,0.11869025352357739,0.0042825355620323665,2
Gabes,2003,1,0.11421617078605155,0.11772997821477772,0.003513807428726072,2
Gabes,2003,2,0.11602640538348917,0.11942172367200661,0.003395318288517342,2
Gabes,2003,3,0.12444765876183558,0.1291757532718078,0.004728094509973568,2
Gabes,2003,4,0.12916574731253905,0.13332617286055837,0.004160425548019329,2
Gabes,2003,5,0.11992274677915582,0.12416498975976803,0.004242242980612251,2
Gabes,2003,6,0.11565316970030234,0.11850790261973566,0.002854732919432963,2
Gabes,2003,7,0.11165481491712047,0.11374448744690273,0.0020896725297814456,2
Gabes,2003,8,0.11178529064392984,0.11446940970734439,0.0026841190634142808,2
Gabes,2003,9,0.11235784046750977,0.11664915541341468,0.004291314945904748,2
Gabes,2003,10,0.12183379555387733,0.12183379555387733,0.0,1
Gabes,2003,11,0.12407663478386467,0.12763076992008113,0.0035541351362168294,2
Gabes,2003,12,0.12991154199682012,0.1365791754411534,0.006667633444333036,2
Gabes,2004,1,0.1452508681121272,0.1561150739313593,0.010864205819231266,2
Gabes,2004,2,0.15178898195338061,0.15731614103559058,0.005527159082209021,2
Gabes,2004,3,0.1675548424775013,0.17354371874117824,0.005988876263675263,2
Gabes,2004,4,0.16112831633396554,0.16589001444659818,0.0047616981126329064,2
Gabes,2004,5,0.13479254272767136,0.138161191193852,0.0033686484661800044,2
Gabes,2004,6,0.12974360993213527,0.1324278766561056,0.0026842667239709173,2
Gabes,2004,7,0.1256683824997596,0.12754587827247524,0.0018774957727153952,2
Gabes,2004,8,0.12253650381606347,0.12532982262754802,0.0027933188114849976,2
Gabes,2004,9,0.12345303249865482,0.1256252244253036,0.00217219192664908,2
Gabes,2004,10,0.12172128805341474,0.12589858363410072,0.004177295580686074,2
Gabes,2004,11,0.12078566031497466,0.12078566031497466,0.0,1
Gabes,2004,12,0.12201199139468218,0.1257143271021409,0.003702335707459196,2
Gabes,2005,1,0.12411955268803918,0.1273965901418839,0.003277037453845028,2
Gabes,2005,2,0.11928867477363889,0.12162898751588852,0.0023403127422499262,2
Gabes,2005,3,0.11513094182947199,0.11884403118796719,0.0037130893584959163,2
Gabes,2005,4,0.11238712515459286,0.11457236352658243,0.002185238371989238,2
Gabes,2005,5,0.11111141127979833,0.11327300343657554,0.002161592156777441,2
Gabes,2005,6,0.11040799926484351,0.11319453922212662,0.0027865399572826553,2
Gabes,2005,7,0.1068791977440701,0.10864733499214808,0.0017681372480783627,2
Gabes,2005,8,0.10753791465658619,0.11031715046349667,0.0027792358069105485,2
Gabes,2005,9,0.1201697620336066,0.13079550607009213,0.010625744036484912,2
Gabes,2005,10,0.11929321869551371,0.11929321869551371,0.0,1
Gabes,2005,11,0.12033622295082215,0.124509445200402,0.004173222249579765,2
Gabes,2005,12,0.1412618775369755,0.1462507509947791,0.004988873457803743,2
Gabes,2006,1,0.14663181361321712,0.15856253328552955,0.011930719672313779,2
Gabes,2006,2,0.16342410686586412,0.1709861731997326,0.00756206633386747,2
Gabes,2006,3,0.1760787224106785,0.1812272672422116,0.005148544831534224,2
Gabes,2006,4,0.1513647727569323,0.16137314017302823,0.01000836741609591,2
Gabes,2006,5,0.13103249385014565,0.134033643606435,0.0030011497562895495,2
Gabes,2006,6,0.12616946233518783,0.12895506801285897,0.00278560567767082,2
Gabes,2006,7,0.12643333162952805,0.12982425890995866,0.0033909272804309967,2
Gabes,2006,8,0.12086208475708063,0.12333408662326802,0.002472001866187016,2
Gabes,2006,9,0.12417384052189903,0.12658786316205245,0.002414022640153616,2
Gabes,2006,10,0.12523768398676113,0.12523768398676113,0.0,1
Gabes,2006,11,0.14104846583227312,0.14770714983582894,0.006658684003556611,2
Gabes,2006,12,0.16436488835943425,0.17366378228523813,0.009298893925803235,2
Gabes,2007,1,0.18038534064961678,0.1860241910232255,0.0056388503736081825,2
Gabes,2007,2,0.18432182189676136,0.19066782098151103,0.006345999084749346,2
Gabes,2007,3,0.18910518224745923,0.19987700064996636,0.010771818402508022,2
Gabes,2007,4,0.17267749919523262,0.18186078758482555,0.009183288389594556,2
Gabes,2007,5,0.15731853639438376,0.16222247088123007,0.004903934486846212,2
Gabes,2007,6,0.14457581327515567,0.1486615158370052,0.004085702561849343,2
Gabes,2007,7,0.14001735632658824,0.14256980528886934,0.0025524489622802057,2
Gabes,2007,8,0.1367451501850938,0.13962200145291287,0.0028768512678188285,2
Gabes,2007,9,0.1345743135890169,0.13704515372117262,0.002470840132155768,2
Gabes,2007,10,0.13461230140430827,0.13461230140430827,0.0,1
Gabes,2007,11,0.13773064006313007,0.1412007943910197,0.0034701543278889265,2
Gabes,2007,12,0.13836920899371194,0.1422672200698974,0.0038980110761848595,2
Gabes,2008,1,0.15759693967793503,0.16669635848188216,0.009099418803946713,2
Gabes,2008,2,0.15125084396968683,0.15480500030451744,0.0035541563348298446,2
Gabes,2008,3,0.1495834447668789,0.15471865876061275,0.005135213993733361,2
Gabes,2008,4,0.13445175893441694,0.13823128893548256,0.003779530001065746,2
Gabes,2008,5,0.12045163635414535,0.12710090541710356,0.00664926906295806,2
Gabes,2008,6,0.12198395281461451,0.1250685846341901,0.003084631819575811,2
Gabes,2008,7,0.11822515119970169,0.12115911872422762,0.002933967524527189,2
Gabes,2008,8,0.12016807827097754,0.12212573314331518,0.0019576548723383527,2
Gabes,2008,9,0.11912675334844221,0.12314192985127191,0.004015176502829678,2
Gabes,2008,10,0.11801409107221672,0.12115510647784591,0.0031410154056294493,2
Gabes,2008,11,0.1244567194625941,0.1244567194625941,0.0,1
Gabes,2008,12,0.13060467199690282,0.1377568064258638,0.007152134428960746,2
Gabes,2009,1,0.13634821620523435,0.14542680581759435,0.009078589612359038,2
Gabes,2009,2,0.13581134063783376,0.1422853937729343,0.006474053135099784,2
Gabes,2009,3,0.1433237370417718,0.14741362450186543,0.004089887460093776,2
Gabes,2009,4,0.14544978965487443,0.15043593924068674,0.004986149585813043,2
Gabes,2009,5,0.13461535030043423,0.14032002730941356,0.005704677008979722,2
Gabes,2009,6,0.12518073024782977,0.12767437007250687,0.00249363982467648,2
Gabes,2009,7,0.12273720895279597,0.1245116189628527,0.0017744100100575949,2
Gabes,2009,8,0.12112243081821912,0.12318389466838615,0.002061463850167701,2
Gabes,2009,9,0.12349444185857293,0.12772451930710405,0.004230077448531156,2
Gabes,2009,10,0.12289123412937503,0.12289123412937503,0.0,1
Gabes,2009,11,0.12140599364734612,0.12475918617991136,0.003353192532564819,2
Gabes,2009,12,0.12096715773937093,0.12396221511903278,0.0029950573796627407,2
Gabes,2010,1,0.1195150645285199,0.12326052591168032,0.003745461383159764,2
Gabes,2010,2,0.11858273970737568,0.12145672708416903,0.0028739873767935006,2
Gabes,2010,3,0.11847850629947825,0.1211552337025485,0.002676727403069642,2
Gabes,2010,4,0.1163846884576984,0.12027494924536897,0.0038902607876701596,2
Gabes,2010,5,0.11563072549791534,0.11807719201247625,0.002446466514560652,2
Gabes,2010,6,0.11418926167577449,0.11653062308354485,0.002341361407770334,2
Gabes,2010,7,0.11183763638380567,0.11337377981084601,0.0015361434270401745,2
Gabes,2010,8,0.10771460717658604,0.11034518577454717,0.002630578597961282,2
Gabes,2010,9,0.11005591939184936,0.11249442903285399,0.002438509641004393,2
Gabes,2010,10,0.11570899234646685,0.11570899234646685,0.0,1
Gabes,2010,11,0.12347125364210806,0.12948725120780097,0.006015997565692775,2
Gabes,2010,12,0.13711052167798182,0.14196729077659923,0.004856769098616784,2
Gabes,2011,1,0.1432029765009763,0.14834309619098582,0.005140119690009316,2
Gabes,2011,2,0.14092555191280606,0.14501800902831374,0.004092457115508112,2
Gabes,2011,3,0.14138677522551032,0.1455720204682129,0.004185245242702184,2
Gabes,2011,4,0.1252460563388242,0.1338395888623877,0.00859353252356294,2
Gabes,2011,5,0.11816779198028858,0.1206271173228245,0.002459325342535795,2
Gabes,2011,6,0.11518686176078397,0.116791747233889,0.0016048854731044362,2
Gabes,2011,7,0.11254069157867796,0.11414545716343984,0.0016047655847612583,2
Gabes,2011,8,0.113167563362103,0.11560056738026739,0.002433004018164182,2
Gabes,2011,9,0.11608627569283769,0.12208147971086233,0.005995204018024679,2
Gabes,2011,10,0.12249688232123264,0.12249688232123264,0.0,1
Gabes,2011,11,0.13841407312301876,0.1428995320624453,0.004485458939425577,2
Gabes,2011,12,0.14934531664952008,0.15381935389012336,0.004474037240602282,2
Gabes,2012,1,0.14728505916207346,0.15368319684004855,0.006398137677975625,2
Gabes,2012,2,0.14428096704592208,0.15036210252718268,0.006081135481260747,2
Gabes,2012,3,0.16380672083051978,0.17157981780168255,0.007773096971162902,2
Gabes,2012,4,0.16203158126092235,0.16977315629688536,0.007741575035964179,2
Gabes,2012,5,0.1403497733803846,0.14466959012278635,0.004319816742402246,2
Gabes,2012,6,0.13031711223130574,0.13278156964963556,0.0024644574183293314,2
Gabes,2012,7,0.12613505332048536,0.12803216255190075,0.001897109231415012,2
Gabes,2012,8,0.12639440860977372,0.12846753107777842,0.0020731224680044236,2
Gabes,2012,9,0.12603010538788842,0.12819692083967502,0.00216681545178639,2
Gabes,2012,10,0.12305219305152305,0.12665852146723142,0.0036063284157080325,2
Gabes,2012,11,0.12851595053725937,0.12851595053725937,0.0,1
Gabes,2012,12,0.12555604422517763,0.12864294297716977,0.003086898751990708,2
Gabes,2013,1,0.12223265713428122,0.12523951797218616,0.0030068608379044447,2
Gabes,2013,2,0.12188386060118311,0.12449982921524223,0.002615968614059503,2
Gabes,2013,3,0.11953906122418792,0.12352927151390201,0.003990210289714412,2
Gabes,2013,4,0.11396667396023194,0.11834824815232114,0.004381574192089013,2
Gabes,2013,5,0.10912192794107985,0.11148355471300557,0.0023616267719255082,2
Gabes,2013,6,0.10880657195803843,0.11055564639018915,0.0017490744321506093,2
Gabes,2013,7,0.10900986860163801,0.11162404264639449,0.0026141740447561575,2
Gabes,2013,8,0.10650118110082091,0.1120228554960562,0.005521674395235822,2
Gabes,2013,9,0.11343646336667766,0.11673106746196739,0.0032946040952899673,2
Gabes,2013,10,0.11485212168931232,0.11485212168931232,0.0,1
Gabes,2013,11,0.11536658268122055,0.11840485833763564,0.00303827565641548,2
Gabes,2013,12,0.11831998872458109,0.12432632866801312,0.0060063399434314895,2
Gabes,2014,1,0.11415163605849536,0.1181362068342998,0.003984570775804827,2
Gabes,2014,2,0.1228185355337113,0.13179194742339204,0.008973411889680623,2
Gabes,2014,3,0.11865011712423765,0.12263830251852964,0.003988185394292184,2
Gabes,2014,4,0.12121063194339926,0.12524392091234998,0.004033288968951208,2
Gabes,2014,5,0.11334663573868041,0.1169749881785177,0.003628352439836595,2
Gabes,2014,6,0.11185763000783848,0.11530768472391603,0.0034500547160774093,2
Gabes,2014,7,0.11190293253145644,0.11468711253381751,0.0027841800023608904,2
Gabes,2014,8,0.11219370859226346,0.11440126906823539,0.002207560475972356,2
Gabes,2014,9,0.110054422143721,0.11281132974319215,0.002756907599471133,2
Gabes,2014,10,0.11244096238966454,0.11244096238966454,0.0,1
Gabes,2014,11,0.11770935497429386,0.12410811509918664,0.00639876012489252,2
Gabes,2014,12,0.11772869702602312,0.12085934794968405,0.0031306509236611532,2
Gabes,2015,1,0.11666375189173821,0.11973923458692365,0.0030754826951846525,2
Gabes,2015,2,0.11997511815736679,0.12910418571793403,0.009129067560566305,2
Gabes,2015,3,0.12860582734723652,0.13591074678560444,0.007304919438367662,2
Gabes,2015,4,0.133456820618874,0.1388180232444332,0.005361202625558599,2
Gabes,2015,5,0.12188202174584513,0.12568301453348021,0.003800992787635483,2
Gabes,2015,6,0.11491162924134328,0.11701033017226424,0.002098700930920536,2
Gabes,2015,7,0.11588282499083201,0.11803095704692554,0.002148132056093344,2
Gabes,2015,8,0.11434370059661415,0.11732256102627221,0.0029788604296580247,2
Gabes,2015,9,0.11336335020582368,0.11673522529690397,0.003371875091079698,2
Gabes,2015,10,0.12219927648893553,0.12219927648893553,0.0,1
Gabes,2015,11,0.13138433020275575,0.13907443151516138,0.007690101312406694,2
Gabes,2015,12,0.14195212803535093,0.14630278429450028,0.004350656259148845,2
Gabes,2016,1,0.13939022304399332,0.14358871599409984,0.004198492950106358,2
Gabes,2016,2,0.1411567808786771,0.1470931316189567,0.005936350740279103,2
Gabes,2016,3,0.12495075970699258,0.1296117959910053,0.004661036284013141,2
Gabes,2016,4,0.11247480841182654,0.11598522392663033,0.0035104155148030724,2
Gabes,2016,5,0.11386173311188771,0.11741292371443689,0.0035511906025484283,2
Gabes,2016,6,0.10995829001344164,0.11212042713775446,0.00216213712431328,2
Gabes,2016,7,0.10979653978177593,0.11188066180651093,0.0020841220247352276,2
Gabes,2016,8,0.11188933372107504,0.11348766029140676,0.0015983265703316573,2
Gabes,2016,9,0.11079647522132084,0.1146811684823148,0.003884693260994465,2
Gabes,2016,10,0.1199180391372149,0.1250895695428339,0.005171530405618427,2
Gabes,2016,11,0.13002223704743301,0.13002223704743301,0.0,1
Gabes,2016,12,0.14826067357249254,0.16479113732538922,0.01653046375289715,2
Gabes,2017,1,0.15174052687573092,0.15666518973422736,0.004924662858496561,2
Gabes,2017,2,0.1488309639356099,0.16113849038957276,0.012307526453961846,2
Gabes,2017,3,0.1691597254450135,0.17443209997298062,0.005272374527966441,2
Gabes,2017,4,0.15962061231014876,0.16787035228713623,0.008249739976988302,2
Gabes,2017,5,0.13778397354110444,0.14296039000161356,0.00517641646050935,2
Gabes,2017,6,0.12843674840930683,0.13179817847341277,0.003361430064106215,2
Gabes,2017,7,0.1243995532461424,0.1266556095449597,0.002256056298816127,2
Gabes,2017,8,0.12265245473697343,0.12441403955297438,0.0017615848160007963,2
Gabes,2017,9,0.12639257357390407,0.1322444893903852,0.005851915816480785,2
Gabes,2017,10,0.13355426689809777,0.13355426689809777,0.0,1
Gabes,2017,11,0.1528843500144953,0.16037072997617427,0.0074863799616777015,2
Gabes,2017,12,0.1786346356159706,0.19161390821565707,0.012979272599685263,2
Gabes,2018,1,0.1770236247925374,0.18252596439796231,0.005502339605425937,2
Gabes,2018,2,0.1909565776265544,0.20825439565967002,0.017297818033115867,2
Gabes,2018,3,0.17077305596095335,0.17868221999404088,0.007909164033086264,2
Gabes,2018,4,0.14269776764701958,0.148766526972416,0.006068759325395888,2
Gabes,2018,5,0.1331932436823598,0.13758283930902607,0.004389595626665813,2
Gabes,2018,6,0.12612559207060595,0.12876166886850265,0.0026360767978967576,2
Gabes,2018,7,0.1234312378498553,0.12568241974977826,0.0022511818999226166,2
Gabes,2018,8,0.12290646871619183,0.1260723570703673,0.0031658883541749792,2
Gabes,2018,9,0.12707487192292047,0.1329892241249937,0.005914352202073085,2
Gabes,2018,10,0.12840766268024587,0.12840766268024587,0.0,1
Gabes,2018,11,0.1375618204873339,0.1425281978480401,0.004966377360706605,2
Gabes,2018,12,0.14196968721683426,0.14589840598125678,0.003928718764423397,2
Gabes,2019,1,0.138152496779899,0.14202862542472497,0.0038761286448257683,2
Gabes,2019,2,0.13178131158010534,0.1345669007044188,0.002785589124313988,2
Gabes,2019,3,0.13092533025926636,0.1353964479728557,0.0044711177135897135,2
Gabes,2019,4,0.12784263004359586,0.13229931464421027,0.0044566846006143645,2
Gabes,2019,5,0.12541956588786413,0.12941170699877683,0.003992141110912902,2
Gabes,2019,6,0.11616907406819335,0.11907781473359878,0.002908740665404931,2
Gabes,2019,7,0.11326989198011524,0.11542594617449876,0.002156054194383659,2
Gabes,2019,8,0.11519622394910048,0.11888984673421156,0.0036936227851108437,2
Gabes,2019,9,0.1169120898586268,0.12010056081165417,0.0031884709530275277,2
Gabes,2019,10,0.1210328847781844,0.1210328847781844,0.0,1
Gabes,2019,11,0.14018355404220886,0.14591253168494042,0.005728977642731763,2
Gabes,2019,12,0.1474758719833859,0.15274746714714704,0.005271595163760701,2
Gabes,2020,1,0.1565578199405696,0.16733055317875487,0.010772733238183903,2
Gabes,2020,2,0.15504477168849506,0.1590484538311322,0.004003682142638165,2
Gabes,2020,3,0.145777139887317,0.15148259884567714,0.005705458958359753,2
Gabes,2020,4,0.13868160637313517,0.14478699833872527,0.006105391965589532,2
Gabes,2020,5,0.1268577865891192,0.12990607050184777,0.003048283912728524,2
Gabes,2020,6,0.12016949989037913,0.12318308530926121,0.003013585418881611,2
Gabes,2020,7,0.1193421190128283,0.12189513809530275,0.0025530190824735116,2
Gabes,2020,8,0.11918724153486275,0.12172520746594614,0.0025379659310835016,2
Gabes,2020,9,0.12321336254898275,0.1273211137009043,0.004107751151921394,2
Gabes,2020,10,0.12564230876979254,0.12863708613189503,0.002994777362101997,2
Gabes,2020,11,0.13773390528196552,0.13773390528196552,0.0,1
Gabes,2020,12,0.14005643874159257,0.1498528817723589,0.00979644303076673,2
Gabes,2021,1,0.1406272068483402,0.14441677231709363,0.0037895654687538334,2
Gabes,2021,2,0.1393535271624705,0.14472174798586948,0.005368220823400494,2
Gabes,2021,3,0.1341133993522805,0.1382545663781874,0.004141167025906601,2
Gabes,2021,4,0.12072227445898538,0.1253953444972828,0.004673070038297763,2
Gabes,2021,5,0.11644654506857824,0.11924706816075972,0.0028005230921817168,2
Gabes,2021,6,0.11418294735340136,0.11668531643510213,0.0025023690817002875,2
Gabes,2021,7,0.11267744557049131,0.11489329119248785,0.0022158456219965594,2
Gabes,2021,8,0.11193177359808719,0.11471844325031658,0.002786669652229054,2
Gabes,2021,9,0.11333808505047936,0.1159254459764672,0.0025873609259885366,2
Gabes,2021,10,0.11224949731004068,0.11224949731004068,0.0,1
Gabes,2021,11,0.11589750957112678,0.11963460713463896,0.0037370975635113704,2
Gabes,2021,12,0.1157588009037766,0.11974593805110294,0.003987137147326576,2
Gabes,2022,1,0.12004842998520962,0.12438773264311795,0.004339302657908534,2
Gabes,2022,2,0.11577616400391294,0.11846362380378335,0.002687459799870484,2
Gabes,2022,3,0.11513226501684506,0.11900140375451031,0.0038691387376649415,2
Gabes,2022,4,0.11563827728654089,0.1184055447041718,0.0027672674176306873,2
Gabes,2022,5,0.11275434605106685,0.11621005315356531,0.0034557071024978094,2
Gabes,2022,6,0.10899473661888008,0.11076953727886626,0.0017748006599862406,2
Gabes,2022,7,0.1092479921064091,0.11166448588780246,0.002416493781393748,2
Gabes,2022,8,0.10829435127168724,0.11065413161269443,0.0023597803410073974,2
Gabes,2022,9,0.10883677224118594,0.11198272954388556,0.0031459573026992016,2
Gabes,2022,10,0.11581255041528692,0.11581255041528692,0.0,1
Gabes,2022,11,0.113152936606263,0.1158611960452002,0.0027082594389361966,2
Gabes,2022,12,0.11315513770211828,0.11576319411668269,0.0026080564145640173,2
Gabes,2023,1,0.11495445532451709,0.11795071941882715,0.002996264094310067,2
Gabes,2023,2,0.1132405444350431,0.11672865197352551,0.0034881075384819616,2
Gabes,2023,3,0.1176288043589378,0.12138319866261703,0.003754394303678827,2
Gabes,2023,4,0.11899351393441392,0.12224242243252464,0.0032489084981109895,2
Gabes,2023,5,0.11282580638636198,0.11654322457104405,0.0037174181846813103,2
Gabes,2023,6,0.1104414887522282,0.1131657800054025,0.0027242912531738966,2
Gabes,2023,7,0.10842231356892144,0.11140835096562939,0.0029860373967075604,2
Gabes,2023,8,0.1071807905174617,0.10948087175422705,0.0023000812367650484,2
Gabes,2023,9,0.10653557609907059,0.10981078381559818,0.0032752077165276797,2
Gabes,2023,10,0.10241136236297176,0.10241136236297176,0.0,1
Gabes,2023,11,0.10633813923472983,0.11048929591360505,0.004151156678874389,2
Gabes,2023,12,0.1154535441756024,0.12162794891549623,0.006174404739894395,2
Gabes,2024,1,0.11410509554597241,0.11847010967700738,0.004365014131033833,2
Gabes,2024,2,0.1252804981729598,0.13208886753958565,0.00680836936662599,2
Gabes,2024,3,0.11320480805495342,0.12509148476450166,0.011886676709548221,2
Gabes,2024,4,0.11952040849528897,0.12299688406304592,0.0034764755677569826,2
Gabes,2024,5,0.12297036188367524,0.12746948958263066,0.004499127698956654,2
Gabes,2024,6,0.11629844550975271,0.11884880753101669,0.0025503620212636714,2
Gabes,2024,7,0.11471962576105829,0.11691922317654803,0.002199597415489638,2
Gabes,2024,8,0.1127646351961947,0.11543762388469524,0.0026729886885003508,2
Gabes,2024,9,0.11268425023686199,0.11599016089221915,0.0033059106553576514,2
Gabes,2024,10,0.12055432143742703,0.1293412502881905,0.008786928850763162,2
Gabes,2024,11,0.13338599199224194,0.13338599199224194,0.0,1
Gabes,2024,12,0.13883608644737339,0.14339970188910764,0.004563615441735254,2
Gafsa,2002,1,0.1289214933940212,0.13292508782656084,0.0040035944325385155,2
Gafsa,2002,2,0.12571896775019775,0.12834249950326942,0.002623531753072198,2
Gafsa,2002,3,0.11653503436266006,0.12323264505901442,0.006697610696353868,2
Gafsa,2002,4,0.11419682635209445,0.11650132328045225,0.0023044969283572774,2
Gafsa,2002,5,0.1128970730365547,0.11540959001791574,0.002512516981361668,2
Gafsa,2002,6,0.11310168028792005,0.11529943711014111,0.002197756822220859,2
Gafsa,2002,7,0.10946915759256733,0.11138108715602799,0.0019119295634604022,2
Gafsa,2002,8,0.10877486175586712,0.1110535230821011,0.00227866132623322,2
Gafsa,2002,9,0.1116491988711569,0.1145717467582775,0.0029225478871208275,2
Gafsa,2002,10,0.11585754840406068,0.11585754840406068,0.0,1
Gafsa,2002,11,0.1173907497369565,0.12307864881756973,0.005687899080613172,2
Gafsa,2002,12,0.12328931436781732,0.12694250899113368,0.0036531946233169673,2
Gafsa,2003,1,0.13474577419905204,0.14521008198280203,0.010464307783749838,2
Gafsa,2003,2,0.13399994077530808,0.13822797932751887,0.0042280385522116,2
Gafsa,2003,3,0.16154309004833636,0.1677966669942743,0.006253576945937476,2
Gafsa,2003,4,0.175731130021601,0.18170898156078258,0.005977851539182491,2
Gafsa,2003,5,0.15104670683904833,0.15664039311240746,0.00559368627335853,2
Gafsa,2003,6,0.13370151278245027,0.1379701389270029,0.004268626144553358,2
Gafsa,2003,7,0.1253022637702737,0.12697460230746516,0.0016723385371926742,2
Gafsa,2003,8,0.1252663956881694,0.12828941013993173,0.0030230144517610926,2
Gafsa,2003,9,0.1248602007725594,0.13022402892990073,0.005363828157341934,2
Gafsa,2003,10,0.13736852352245688,0.13736852352245688,0.0,1
Gafsa,2003,11,0.1584904056636172,0.16675320738725902,0.008262801723642786,2
Gafsa,2003,12,0.1779392181276915,0.18924190091691884,0.011302682789227737,2
Gafsa,2004,1,0.1932813923631626,0.20062463177089868,0.007343239407735998,2
Gafsa,2004,2,0.1986232190790313,0.21003589986431942,0.011412680785288757,2
Gafsa,2004,3,0.19992207770603043,0.20753532391269344,0.007613246206662644,2
Gafsa,2004,4,0.17136572258166813,0.17640175023432483,0.005036027652655683,2
Gafsa,2004,5,0.13885324184990322,0.1417048139208657,0.0028515720709623936,2
Gafsa,2004,6,0.13532984009758503,0.1391918004008721,0.0038619603032882584,2
Gafsa,2004,7,0.12931745583995055,0.1315272355725966,0.002209779732646458,2
Gafsa,2004,8,0.12860904276388702,0.1322177443050483,0.003608701541160993,2
Gafsa,2004,9,0.12725260292949545,0.12941775124012272,0.00216514831062843,2
Gafsa,2004,10,0.13179218442535234,0.13708819263001484,0.005296008204662128,2
Gafsa,2004,11,0.1382740088266917,0.1382740088266917,0.0,1
Gafsa,2004,12,0.15205145825914346,0.15734931315098857,0.005297854891844733,2
Gafsa,2005,1,0.1536163994535327,0.1570788640176378,0.0034624645641050133,2
Gafsa,2005,2,0.14520340384560643,0.14776840728548765,0.0025650034398824136,2
Gafsa,2005,3,0.14404181099494423,0.14832665851476173,0.004284847519817024,2
Gafsa,2005,4,0.13314827054962775,0.13780589702646945,0.004657626476841344,2
Gafsa,2005,5,0.12192424523617804,0.12435724530297541,0.0024330000667980222,2
Gafsa,2005,6,0.11892317763876414,0.12190416266198,0.0029809850232155165,2
Gafsa,2005,7,0.11395968727915724,0.11558346495085277,0.0016237776716952793,2
Gafsa,2005,8,0.11562266454955379,0.1182212877030902,0.0025986231535361777,2
Gafsa,2005,9,0.12193398833630986,0.12742654457530375,0.0054925562389936886,2
Gafsa,2005,10,0.1236069306930693,0.1236069306930693,0.0,1
Gafsa,2005,11,0.12723280443810714,0.1306389030072268,0.0034060985691195247,2
Gafsa,2005,12,0.1451658240975578,0.1505659817109728,0.005400157613415084,2
Gafsa,2006,1,0.15297685763226387,0.16729075188555365,0.014313894253290218,2
Gafsa,2006,2,0.17181522408589947,0.18321382237102016,0.011398598285121844,2
Gafsa,2006,3,0.19037440557256688,0.19782885642309211,0.007454450850525253,2
Gafsa,2006,4,0.16840617032374883,0.1799514674066353,0.011545297082886086,2
Gafsa,2006,5,0.13925990647859435,0.14395359324123744,0.004693686762643046,2
Gafsa,2006,6,0.12965884398675767,0.13325513325343152,0.00359628926667322,2
Gafsa,2006,7,0.12660733399110222,0.1299116559896289,0.0033043219985269792,2
Gafsa,2006,8,0.12368292441916591,0.125573932881234,0.001891008462068439,2
Gafsa,2006,9,0.12943807090455106,0.13213685375627954,0.002698782851728502,2
Gafsa,2006,10,0.14156784048135454,0.14156784048135454,0.0,1
Gafsa,2006,11,0.145458522122678,0.15053089750511675,0.005072375382439606,2
Gafsa,2006,12,0.15305472155246963,0.16120948292843984,0.008154761375970048,2
Gafsa,2007,1,0.1553702454421036,0.1591833419064479,0.003813096464345384,2
Gafsa,2007,2,0.1535691036223657,0.15821979747027196,0.004650693847907366,2
Gafsa,2007,3,0.15647027758596388,0.16343373846086434,0.006963460874900205,2
Gafsa,2007,4,0.15005632534182875,0.15552044936735535,0.005464124025526095,2
Gafsa,2007,5,0.15278105248065132,0.15669866310467595,0.003917610624024916,2
Gafsa,2007,6,0.13831395260578044,0.14306999405625784,0.004756041450477376,2
Gafsa,2007,7,0.13249479339644682,0.1343923214675471,0.001897528071100241,2
Gafsa,2007,8,0.13236538150785543,0.1354236752410581,0.0030582937332021484,2
Gafsa,2007,9,0.13082195651239759,0.1329425055023221,0.0021205489899254254,2
Gafsa,2007,10,0.1323075726342773,0.1323075726342773,0.0,1
Gafsa,2007,11,0.13429640597165327,0.13784341816674844,0.003547012195096023,2
Gafsa,2007,12,0.1326455591053495,0.136174168843983,0.0035286097386328145,2
Gafsa,2008,1,0.14183531674361177,0.14601084156501207,0.004175524821400534,2
Gafsa,2008,2,0.13588533856995272,0.13894662106535488,0.003061282495401795,2
Gafsa,2008,3,0.13161387402244126,0.13593094741213188,0.004317073389690384,2
Gafsa,2008,4,0.12330380393137957,0.12610045580038223,0.002796651869002816,2
Gafsa,2008,5,0.11647282767273782,0.12019205168035192,0.003719224007614118,2
Gafsa,2008,6,0.11415512253171889,0.11620837952816816,0.00205325699644874,2
Gafsa,2008,7,0.11326715050517565,0.11493017476815406,0.001663024262978133,2
Gafsa,2008,8,0.11493511366928921,0.11694103122443196,0.0020059175551434003,2
Gafsa,2008,9,0.12059452692787616,0.12672751693243392,0.006132990004556728,2
Gafsa,2008,10,0.13072373582723743,0.13581681623879732,0.00509308041156054,2
Gafsa,2008,11,0.14115590589740934,0.14115590589740934,0.0,1
Gafsa,2008,12,0.1434866301745559,0.14773451127502796,0.004247881100472977,2
Gafsa,2009,1,0.15308307920324127,0.1656079084110544,0.012524829207814395,2
Gafsa,2009,2,0.1639592832152875,0.1736678393751461,0.009708556159857265,2
Gafsa,2009,3,0.18226662082284073,0.18779532886510256,0.005528708042262363,2
Gafsa,2009,4,0.19899444508973255,0.20718887796862737,0.008194432878894422,2
Gafsa,2009,5,0.1669795886053734,0.17803542615187265,0.011055837546497912,2
Gafsa,2009,6,0.1429399259521157,0.14587077048687322,0.00293084453475648,2
Gafsa,2009,7,0.13607373995424518,0.13798865528037912,0.0019149153261336176,2
Gafsa,2009,8,0.13550686136358894,0.1372370941864066,0.001730232822818137,2
Gafsa,2009,9,0.15263192098183698,0.165033098519341,0.01240117753750366,2
Gafsa,2009,10,0.18140614511582465,0.18140614511582465,0.0,1
Gafsa,2009,11,0.18144298497755426,0.18552043134465646,0.004077446367103086,2
Gafsa,2009,12,0.1766424177570736,0.1810398473876416,0.004397429630566102,2
Gafsa,2010,1,0.16713722714112875,0.17114297009168855,0.004005742950560707,2
Gafsa,2010,2,0.1597252859007808,0.16518552765054953,0.005460241749768975,2
Gafsa,2010,3,0.14849945232050635,0.15496361416984772,0.0064641618493420285,2
Gafsa,2010,4,0.13877624896239815,0.14288972272887945,0.004113473766481988,2
Gafsa,2010,5,0.13312009431702482,0.1365771600313311,0.0034570657143063936,2
Gafsa,2010,6,0.12616537984854326,0.12853940007768996,0.0023740202291468084,2
Gafsa,2010,7,0.12253474389787837,0.12426453410972142,0.0017297902118431636,2
Gafsa,2010,8,0.12160590749290297,0.12472551720558123,0.003119609712679458,2
Gafsa,2010,9,0.1234851556839327,0.12567173297321943,0.002186577289287457,2
Gafsa,2010,10,0.13011345430146984,0.13011345430146984,0.0,1
Gafsa,2010,11,0.14454597395474997,0.153718212954465,0.009172238999715285,2
Gafsa,2010,12,0.1698033095838914,0.1762725869235114,0.006469277339619899,2
Gafsa,2011,1,0.18493651808586822,0.19212048638278817,0.007183968296919891,2
Gafsa,2011,2,0.1926706450385918,0.20048419636729675,0.007813551328705107,2
Gafsa,2011,3,0.18993265792932304,0.1956569226730594,0.005724264743736192,2
Gafsa,2011,4,0.1640108376507371,0.1777528379562215,0.013742000305483705,2
Gafsa,2011,5,0.13884267887920726,0.14233838470607338,0.0034957058268672596,2
Gafsa,2011,6,0.13170163848600874,0.1346687623358194,0.0029671238498091895,2
Gafsa,2011,7,0.1268939659738826,0.12914571439998174,0.002251748426099537,2
Gafsa,2011,8,0.1272427017692101,0.12984658034837948,0.0026038785791689632,2
Gafsa,2011,9,0.1310440846572735,0.13520993277231547,0.004165848115042223,2
Gafsa,2011,10,0.14300129302990924,0.14300129302990924,0.0,1
Gafsa,2011,11,0.15227084011417802,0.16000374549379734,0.007732905379618702,2
Gafsa,2011,12,0.1575520049387949,0.16161011142496196,0.004058106486167466,2
Gafsa,2012,1,0.14819254762333253,0.15131838011956433,0.0031258324962314594,2
Gafsa,2012,2,0.14366083024765014,0.14747837188256674,0.003817541634916447,2
Gafsa,2012,3,0.15765431161718726,0.16438100299910086,0.006726691381913759,2
Gafsa,2012,4,0.14641820301986327,0.15024770765976986,0.0038295046399058107,2
Gafsa,2012,5,0.13187933711316263,0.1354160423609718,0.003536705247809793,2
Gafsa,2012,6,0.12372961594148323,0.12596777844859447,0.0022381625071105195,2
Gafsa,2012,7,0.12045010245191047,0.12208795164678185,0.0016378491948717702,2
Gafsa,2012,8,0.12215420714431847,0.12456140443359759,0.002407197289279157,2
Gafsa,2012,9,0.1294592232460318,0.13219369980313758,0.002734476557105273,2
Gafsa,2012,10,0.12940820244974102,0.13321741023012953,0.0038092077803887187,2
Gafsa,2012,11,0.13144733478246717,0.13144733478246717,0.0,1
Gafsa,2012,12,0.12837700784259154,0.1318171710763966,0.0034401632338043543,2
Gafsa,2013,1,0.1266116003175672,0.1295416204080124,0.002930020090445328,2
Gafsa,2013,2,0.12564151836029316,0.12927950689486908,0.0036379885345760197,2
Gafsa,2013,3,0.12358638249025378,0.1291834072152868,0.0055970247250328,2
Gafsa,2013,4,0.11470725953477184,0.11714601065108436,0.002438751116313097,2
Gafsa,2013,5,0.11356887319065842,0.11578570047026678,0.002216827279608176,2
Gafsa,2013,6,0.11138656358932267,0.11317244949839818,0.0017858859090756388,2
Gafsa,2013,7,0.11362405726585288,0.11601047362310034,0.002386416357247413,2
Gafsa,2013,8,0.11777735244776247,0.12198354646989763,0.004206194022135193,2
Gafsa,2013,9,0.13222527709455234,0.1374319361496548,0.005206659055102355,2
Gafsa,2013,10,0.1512583306635418,0.1512583306635418,0.0,1
Gafsa,2013,11,0.14871326341671162,0.1524969764347849,0.0037837130180724383,2
Gafsa,2013,12,0.14990926723908665,0.15605371071205404,0.006144443472966631,2
Gafsa,2014,1,0.14944654877889538,0.15403770868513994,0.004591159906244598,2
Gafsa,2014,2,0.14830952419851975,0.15230065857688047,0.003991134378359856,2
Gafsa,2014,3,0.163126277085618,0.16900458174475386,0.005878304659136697,2
Gafsa,2014,4,0.15133235874251286,0.1603635544771445,0.00903119573463082,2
Gafsa,2014,5,0.12962416346185363,0.13405381329160432,0.004429649829750243,2
Gafsa,2014,6,0.12209146696415168,0.1246689403502679,0.0025774733861164668,2
Gafsa,2014,7,0.11805152709933864,0.12017687420411562,0.0021253471047762832,2
Gafsa,2014,8,0.11921798203347486,0.12144606808882501,0.002228086055350448,2
Gafsa,2014,9,0.11853620611384355,0.12127925225421816,0.0027430461403752113,2
Gafsa,2014,10,0.1232878246455562,0.1232878246455562,0.0,1
Gafsa,2014,11,0.13259732703900823,0.13832561029726798,0.005728283258260099,2
Gafsa,2014,12,0.1443611167343369,0.14831067831418981,0.003949561579852751,2
Gafsa,2015,1,0.14273915537164172,0.14661590591442825,0.0038767505427866143,2
Gafsa,2015,2,0.14601395400981385,0.1551562341009135,0.009142280091100557,2
Gafsa,2015,3,0.1652082716515815,0.17941297982318516,0.014204708171603606,2
Gafsa,2015,4,0.17346401872300232,0.18357988258023875,0.01011586385723788,2
Gafsa,2015,5,0.1415264743736197,0.14591961456297753,0.004393140189357318,2
Gafsa,2015,6,0.13076054633502587,0.1332015198877117,0.00244097355268596,2
Gafsa,2015,7,0.12824475725321655,0.13033156910121865,0.002086811848001783,2
Gafsa,2015,8,0.12859602518070543,0.13199581283125092,0.0033997876505453134,2
Gafsa,2015,9,0.1325884632043198,0.13615571882056085,0.0035672556162410418,2
Gafsa,2015,10,0.13758847807431146,0.13758847807431146,0.0,1
Gafsa,2015,11,0.13771216480291826,0.14118606747615678,0.003473902673237558,2
Gafsa,2015,12,0.13951527629042415,0.14285275647972157,0.0033374801892978563,2
Gafsa,2016,1,0.1337768355293696,0.13747386004167036,0.003697024512300431,2
Gafsa,2016,2,0.13064005522957875,0.1328425934884315,0.0022025382588535033,2
Gafsa,2016,3,0.12331137622528617,0.1267303900533149,0.003419013828029706,2
Gafsa,2016,4,0.11953412123022256,0.12324209190804365,0.0037079706778206565,2
Gafsa,2016,5,0.12249856733256213,0.12513793290506006,0.0026393655724989058,2
Gafsa,2016,6,0.11726834084916807,0.11976068535563147,0.002492344506462983,2
Gafsa,2016,7,0.11563468039726503,0.1175335161555338,0.0018988357582696434,2
Gafsa,2016,8,0.11870240964086103,0.12135086133210474,0.0026484516912437034,2
Gafsa,2016,9,0.12132460000995632,0.12517209355459152,0.00384749354463618,2
Gafsa,2016,10,0.13561393631048033,0.13895497344887267,0.003341037138392235,2
Gafsa,2016,11,0.1434234114529152,0.1434234114529152,0.0,1
Gafsa,2016,12,0.16080435035575272,0.1756352938323353,0.014830943476582996,2
Gafsa,2017,1,0.17090380380374054,0.1760709743695777,0.005167170565838318,2
Gafsa,2017,2,0.18037207353647552,0.18893036809933408,0.008558294562858441,2
Gafsa,2017,3,0.1966019825168024,0.20395064715315095,0.007348664636348999,2
Gafsa,2017,4,0.1728591582775663,0.18229226866737164,0.009433110389806548,2
Gafsa,2017,5,0.14234515504148132,0.14769871577721114,0.005353560735730635,2
Gafsa,2017,6,0.1320246555118323,0.13456355252000685,0.002538897008174473,2
Gafsa,2017,7,0.12726268350826378,0.12949517565524762,0.002232492146984431,2
Gafsa,2017,8,0.12581693566675153,0.12772459369180456,0.00190765802505218,2
Gafsa,2017,9,0.1327879329050609,0.1406839741470603,0.007896041241999644,2
Gafsa,2017,10,0.14162196440516145,0.14162196440516145,0.0,1
Gafsa,2017,11,0.15596706626315587,0.16227583164530102,0.006308765382146029,2
Gafsa,2017,12,0.17454433003163683,0.18088095535474094,0.006336625323102935,2
Gafsa,2018,1,0.1607872008056689,0.16622600765062356,0.005438806844954285,2
Gafsa,2018,2,0.17705131479490707,0.19097347487195784,0.013922160077051209,2
Gafsa,2018,3,0.1676828147556279,0.17312455433631524,0.005441739580687405,2
Gafsa,2018,4,0.1464753594432532,0.15223840010789746,0.005763040664644042,2
Gafsa,2018,5,0.13545058950267844,0.14096419322736667,0.005513603724688528,2
Gafsa,2018,6,0.12603397776351064,0.12926065097807907,0.0032266732145690975,2
Gafsa,2018,7,0.12239992543730353,0.12461146933824481,0.0022115439009415807,2
Gafsa,2018,8,0.13132185267772584,0.13517417492812814,0.0038523222504021886,2
Gafsa,2018,9,0.1439023987702371,0.157034606026027,0.01313220725579071,2
Gafsa,2018,10,0.16061437092271805,0.16061437092271805,0.0,1
Gafsa,2018,11,0.17187008416968994,0.17705026576655292,0.005180181596862708,2
Gafsa,2018,12,0.16703472864496727,0.17207585368437556,0.005041125039408645,2
Gafsa,2019,1,0.15950777636807079,0.16410944638101801,0.0046016700129468575,2
Gafsa,2019,2,0.15129557318823303,0.154703922784956,0.003408349596723263,2
Gafsa,2019,3,0.1489731295825216,0.15379480005497037,0.0048216704724487365,2
Gafsa,2019,4,0.15057864294615594,0.15700753885237662,0.006428895906220697,2
Gafsa,2019,5,0.13612439785038222,0.13966832665991827,0.0035439288095368638,2
Gafsa,2019,6,0.12775027097849678,0.13015193950231727,0.0024016685238202828,2
Gafsa,2019,7,0.1212699784204282,0.12344537696389228,0.0021753985434639967,2
Gafsa,2019,8,0.12592489406991508,0.13013431173206313,0.004209417662147782,2
Gafsa,2019,9,0.13602553707478537,0.13970465266972829,0.0036791155949422133,2
Gafsa,2019,10,0.13587672516381424,0.13587672516381424,0.0,1
Gafsa,2019,11,0.15736585764545222,0.1665054631800691,0.009139605534615527,2
Gafsa,2019,12,0.15454528978616508,0.15842795460801753,0.0038826648218515127,2
Gafsa,2020,1,0.1508581172291523,0.15430314890713,0.003445031677977582,2
Gafsa,2020,2,0.14119767304821232,0.14508393985460208,0.0038862668063892316,2
Gafsa,2020,3,0.13499883365221907,0.13903850077285704,0.00403966712063753,2
Gafsa,2020,4,0.14033688777218511,0.14534247172042175,0.0050055839482362596,2
Gafsa,2020,5,0.13419783098072544,0.13824590632712896,0.004048075346402746,2
Gafsa,2020,6,0.12637335201549002,0.1295972337558621,0.003223881740372038,2
Gafsa,2020,7,0.12331802072949354,0.12584014489627365,0.0025221241667804047,2
Gafsa,2020,8,0.1231680987384545,0.12531494636378718,0.002146847625332445,2
Gafsa,2020,9,0.132137433111624,0.1363619939575497,0.004224560845926025,2
Gafsa,2020,10,0.13501863335618136,0.13814927298711652,0.003130639630934937,2
Gafsa,2020,11,0.13547824088197127,0.13547824088197127,0.0,1
Gafsa,2020,12,0.1420364964509858,0.14736544524247444,0.005328948791488707,2
Gafsa,2021,1,0.13991189303731202,0.14349402379454199,0.0035821307572294174,2
Gafsa,2021,2,0.13938589958776743,0.14428508278054794,0.004899183192780984,2
Gafsa,2021,3,0.13109076805321304,0.1345373535497157,0.0034465854965024835,2
Gafsa,2021,4,0.12445405295589412,0.12807260670762236,0.0036185537517269065,2
Gafsa,2021,5,0.12082528762480468,0.12390186323776105,0.003076575612956425,2
Gafsa,2021,6,0.11876408224488841,0.12210722868857733,0.00334314644368908,2
Gafsa,2021,7,0.11640212211178577,0.11872075102186053,0.0023186289100742253,2
Gafsa,2021,8,0.1180060227087552,0.12066438196352784,0.0026583592547730246,2
Gafsa,2021,9,0.11993377068981864,0.12250131902580505,0.0025675483359861168,2
Gafsa,2021,10,0.12106433720463695,0.12106433720463695,0.0,1
Gafsa,2021,11,0.12822350709739055,0.13385523374820435,0.005631726650813852,2
Gafsa,2021,12,0.1237118095824021,0.12841462726522762,0.004702817682825374,2
Gafsa,2022,1,0.1221788220242677,0.1258169859141387,0.0036381638898710955,2
Gafsa,2022,2,0.12346074447395769,0.1267013375335213,0.0032405930595638117,2
Gafsa,2022,3,0.12044829788573784,0.12537231186055334,0.004924013974815032,2
Gafsa,2022,4,0.127522745366583,0.1323140907116366,0.004791345345054039,2
Gafsa,2022,5,0.12592779305905322,0.13020286597307434,0.004275072914020839,2
Gafsa,2022,6,0.11727172591050504,0.11961279232087213,0.002341066410366734,2
Gafsa,2022,7,0.11706574727989816,0.11921896321899834,0.0021532159391006735,2
Gafsa,2022,8,0.11695521668706847,0.11939980671136591,0.0024445900242982942,2
Gafsa,2022,9,0.11948255532849934,0.12275224911301275,0.003269693784513151,2
Gafsa,2022,10,0.12835135027619002,0.12835135027619002,0.0,1
Gafsa,2022,11,0.12755902544747189,0.13007340730463446,0.0025143818571620787,2
Gafsa,2022,12,0.1275229668635296,0.13101761641034548,0.003494649546816267,2
Gafsa,2023,1,0.1265647657114554,0.12984539304645965,0.0032806273350037395,2
Gafsa,2023,2,0.12344484553715113,0.12599146287968988,0.0025466173425386235,2
Gafsa,2023,3,0.12298253552311438,0.12553318335701086,0.002550647833895196,2
Gafsa,2023,4,0.12108416403197629,0.12447741190646097,0.003393247874484451,2
Gafsa,2023,5,0.12137530732382254,0.12507595554063564,0.0037006482168134894,2
Gafsa,2023,6,0.13043014453888346,0.1343924021782094,0.003962257639325826,2
Gafsa,2023,7,0.11865060020311644,0.12148142633652287,0.0028308261334061744,2
Gafsa,2023,8,0.11813119796832024,0.1206699679327214,0.002538769964401373,2
Gafsa,2023,9,0.11976296516592445,0.1223892795222542,0.002626314356329261,2
Gafsa,2023,10,0.11442170559456322,0.11442170559456322,0.0,1
Gafsa,2023,11,0.1195699281092218,0.12306032239165618,0.003490394282434586,2
Gafsa,2023,12,0.1263319208754696,0.13056596205450133,0.00423404117903084,2
Gafsa,2024,1,0.12569168093037228,0.13014660260018582,0.004454921669812995,2
Gafsa,2024,2,0.1306795144043217,0.13420912230452067,0.0035296079001995886,2
Gafsa,2024,3,0.12723904115563067,0.1311814102539563,0.00394236909832533,2
Gafsa,2024,4,0.1292338124066372,0.13176470463599194,0.002530892229354354,2
Gafsa,2024,5,0.12652623902779514,0.13004063447855685,0.0035143954507607642,2
Gafsa,2024,6,0.11961953529889514,0.1220384264016195,0.002418891102723918,2
Gafsa,2024,7,0.11724919925407527,0.11920736441183097,0.0019581651577559875,2
Gafsa,2024,8,0.11791686861350881,0.12052526622392837,0.0026083976104198056,2
Gafsa,2024,9,0.12292277221340815,0.125885910352025,0.0029631381386172836,2
Gafsa,2024,10,0.12893730757825075,0.13458963606171073,0.005652328483460681,2
Gafsa,2024,11,0.14528547676090306,0.14528547676090306,0.0,1
Gafsa,2024,12,0.14791926340564954,0.1534777427903942,0.005558479384744,2
Kebili,2002,1,0.08724177180855659,0.0910691137294166,0.0038273419208598187,2
Kebili,2002,2,0.08642740654025961,0.08915823714556506,0.0027308306053059157,2
Kebili,2002,3,0.08878929547774692,0.09256756159920079,0.0037782661214536555,2
Kebili,2002,4,0.08996647247414011,0.09223969940895464,0.002273226934813564,2
Kebili,2002,5,0.08642457796068008,0.089559860501754,0.003135282541075239,2
Kebili,2002,6,0.0869868139285442,0.08882542095639565,0.001838607027852114,2
Kebili,2002,7,0.09048011605617977,0.09277723947901581,0.00229712342283528,2
Kebili,2002,8,0.09149293101851766,0.09418361616585368,0.00269068514733526,2
Kebili,2002,9,0.09031815747713522,0.09250355128335455,0.0021853938062185692,2
Kebili,2002,10,0.08867687552883534,0.08867687552883534,0.0,1
Kebili,2002,11,0.09131761164634841,0.09599642631680416,0.0046788146704570596,2
Kebili,2002,12,0.08742436636866689,0.0910815949762721,0.003657228607606345,2
Kebili,2003,1,0.08869028317120532,0.09324512156601684,0.004554838394810764,2
Kebili,2003,2,0.0874402661205812,0.09073866148664868,0.0032983953660673205,2
Kebili,2003,3,0.08997608854725662,0.093600585375738,0.003624496828481888,2
Kebili,2003,4,0.09038689099795354,0.09413833506819573,0.003751444070241611,2
Kebili,2003,5,0.08984402378482298,0.09286141655666702,0.0030173927718430177,2
Kebili,2003,6,0.08890495359191915,0.0909748349628828,0.0020698813709633113,2
Kebili,2003,7,0.08905285733888413,0.09067185236803908,0.00161899502915394,2
Kebili,2003,8,0.08984883238101206,0.09171679777333061,0.001867965392317768,2
Kebili,2003,9,0.09050662190768566,0.09568361362206941,0.005176991714384433,2
Kebili,2003,10,0.09035192094265952,0.09035192094265952,0.0,1
Kebili,2003,11,0.08888616485643688,0.09287999621484802,0.003993831358411574,2
Kebili,2003,12,0.08805668371564873,0.0931932878645358,0.005136604148886123,2
Kebili,2004,1,0.09328539060081834,0.10185323368069177,0.008567843079872314,2
Kebili,2004,2,0.08938959752674352,0.09336389562749539,0.0039742981007521916,2
Kebili,2004,3,0.09359329386397011,0.09687492214928604,0.0032816282853161123,2
Kebili,2004,4,0.09256697328720884,0.09551207336914631,0.0029451000819389695,2
Kebili,2004,5,0.09266851583825718,0.09539792444610594,0.002729408607847676,2
Kebili,2004,6,0.09226095887892079,0.09414463490366339,0.0018836760247418589,2
Kebili,2004,7,0.09247555541358908,0.09402626127750664,0.0015507058639179976,2
Kebili,2004,8,0.09272588016767988,0.09463603442569375,0.0019101542580121419,2
Kebili,2004,9,0.09230117881163985,0.09413114820773036,0.0018299693960895397,2
Kebili,2004,10,0.09035903750018494,0.09375339734077105,0.003394359840587554,2
Kebili,2004,11,0.0887830275847014,0.0887830275847014,0.0,1
Kebili,2004,12,0.08856648512765435,0.09166638451006683,0.003099899382412682,2
Kebili,2005,1,0.0877557406461771,0.0911589325726989,0.003403191926521512,2
Kebili,2005,2,0.08992748376956423,0.09275825345485912,0.002830769685296012,2
Kebili,2005,3,0.09197772545091551,0.0944656755063911,0.0024879500554762933,2
Kebili,2005,4,0.09137118405765154,0.09372358581196097,0.002352401754310227,2
Kebili,2005,5,0.09079303106193762,0.09318438499934624,0.0023913539374080762,2
Kebili,2005,6,0.08995627497905843,0.09275863723202639,0.002802362252967637,2
Kebili,2005,7,0.09058247987902715,0.0921045871997055,0.0015221073206780913,2
Kebili,2005,8,0.09027342046595446,0.09264902969149204,0.002375609225536742,2
Kebili,2005,9,0.09206322442446176,0.09703295990573799,0.004969735481276038,2
Kebili,2005,10,0.0876648571781173,0.0876648571781173,0.0,1
Kebili,2005,11,0.08708760533630809,0.0898371267123135,0.002749521376004346,2
Kebili,2005,12,0.0941507448270528,0.10160569973082925,0.007454954903776951,2
Kebili,2006,1,0.09102952236552805,0.09881893255436537,0.007789410188837292,2
Kebili,2006,2,0.09238643355205092,0.09726718417710158,0.004880750625050517,2
Kebili,2006,3,0.09491572373654908,0.09755011580034864,0.0026343920637987243,2
Kebili,2006,4,0.09634996171967423,0.10018623126375353,0.0038362695440796028,2
Kebili,2006,5,0.09288862675308646,0.09521043053483615,0.002321803781750252,2
Kebili,2006,6,0.09050024165954842,0.09317272918882562,0.0026724875292771532,2
Kebili,2006,7,0.08912439211903532,0.09113915586757396,0.002014763748538618,2
Kebili,2006,8,0.0902147065497228,0.09230358029703592,0.0020888737473131976,2
Kebili,2006,9,0.09188659897873691,0.09508455531663422,0.00319795633789778,2
Kebili,2006,10,0.08925693616684838,0.08925693616684838,0.0,1
Kebili,2006,11,0.09386684681750075,0.09984729298425701,0.005980446166756259,2
Kebili,2006,12,0.09376867343662222,0.09841609140065594,0.0046474179640331615,2
Kebili,2007,1,0.09054115924339369,0.09381663484028602,0.003275475596891773,2
Kebili,2007,2,0.09219309608834216,0.09723490667144584,0.00504181058310375,2
Kebili,2007,3,0.0956837648173641,0.09996723106708229,0.0042834662497185086,2
Kebili,2007,4,0.09474593025698134,0.0986207100851477,0.0038747798281652027,2
Kebili,2007,5,0.09243894405025434,0.0950987999441235,0.002659855893869251,2
Kebili,2007,6,0.09322160887696627,0.09547569873041947,0.0022540898534533184,2
Kebili,2007,7,0.09388054712593784,0.09535382180395648,0.0014732746780186684,2
Kebili,2007,8,0.09404882403739906,0.09606401426961445,0.002015190232215566,2
Kebili,2007,9,0.09216923027109761,0.09410154949921724,0.0019323192281197824,2
Kebili,2007,10,0.09329314621543734,0.09329314621543734,0.0,1
Kebili,2007,11,0.09257267619815612,0.09581595030055233,0.0032432741023964754,2
Kebili,2007,12,0.09191509045771147,0.09671905208987926,0.00480396163216784,2
Kebili,2008,1,0.09696627494569054,0.10477889834299443,0.007812623397305159,2
Kebili,2008,2,0.09062284220554555,0.09383327437567258,0.0032104321701259928,2
Kebili,2008,3,0.09482181228525957,0.09763671626174654,0.002814903976487851,2
Kebili,2008,4,0.09572203232263647,0.09853816837034747,0.0028161360477115373,2
Kebili,2008,5,0.0929958858643044,0.09542507472549287,0.002429188861188282,2
Kebili,2008,6,0.09121265816344912,0.09341453865993209,0.0022018804964828117,2
Kebili,2008,7,0.09244798967601414,0.09461847449085455,0.0021704848148408197,2
Kebili,2008,8,0.09370533337170826,0.095620270737187,0.0019149373654792018,2
Kebili,2008,9,0.09020523272504953,0.09334557251363543,0.0031403397885867946,2
Kebili,2008,10,0.09080150549174122,0.09364156006391731,0.00284005457217681,2
Kebili,2008,11,0.08891535597069139,0.08891535597069139,0.0,1
Kebili,2008,12,0.09308889959943456,0.10091640587059068,0.007827506271156094,2
Kebili,2009,1,0.08727146857633772,0.0921931777729039,0.0049217091965666725,2
Kebili,2009,2,0.08479257733166476,0.08954398571320664,0.004751408381542218,2
Kebili,2009,3,0.09175440382916669,0.09454395151226654,0.0027895476830990798,2
Kebili,2009,4,0.09412223253302937,0.09714549727575207,0.0030232647427223683,2
Kebili,2009,5,0.09263960097175493,0.09517367082524585,0.002534069853491082,2
Kebili,2009,6,0.09182849301251517,0.09448747816887539,0.002658985156362032,2
Kebili,2009,7,0.09235079249795725,0.0939006341582612,0.0015498416603035982,2
Kebili,2009,8,0.0917155062720277,0.09351629567383583,0.001800789401807925,2
Kebili,2009,9,0.09215493485512906,0.09552539294569354,0.003370458090565431,2
Kebili,2009,10,0.08670491171395499,0.08670491171395499,0.0,1
Kebili,2009,11,0.0862392914149593,0.08898551420718316,0.0027462227922237983,2
Kebili,2009,12,0.08604903469184498,0.0888573347997168,0.0028083001078709666,2
Kebili,2010,1,0.08942547298769601,0.09323477262126076,0.003809299633564184,2
Kebili,2010,2,0.08892055553932506,0.09239253663740465,0.0034719810980806363,2
Kebili,2010,3,0.09351175359360489,0.09671938994809731,0.0032076363544920067,2
Kebili,2010,4,0.09412830600073151,0.09686457836477615,0.0027362723640466974,2
Kebili,2010,5,0.09226418300975654,0.09474268829784951,0.0024785052880923913,2
Kebili,2010,6,0.09272529663800409,0.09510200110094975,0.002376704462946702,2
Kebili,2010,7,0.09232273610065074,0.09375834171692149,0.0014356056162696399,2
Kebili,2010,8,0.0901056380953137,0.09367197054500788,0.0035663324496951775,2
Kebili,2010,9,0.09175818952591648,0.09377816455903254,0.002019975033116439,2
Kebili,2010,10,0.09058495710379501,0.09058495710379501,0.0,1
Kebili,2010,11,0.09135809652212719,0.09714915033472195,0.0057910538125945975,2
Kebili,2010,12,0.09114060162518492,0.09665348676772238,0.005512885142538657,2
Kebili,2011,1,0.09175776486649621,0.09591568192399616,0.0041579170575010375,2
Kebili,2011,2,0.09284002037644352,0.09645282078833335,0.0036128004118896077,2
Kebili,2011,3,0.09420559431314378,0.09814553825249006,0.0039399439393456815,2
Kebili,2011,4,0.09530363949453889,0.09874718216245822,0.0034435426679184948,2
Kebili,2011,5,0.09375463075656612,0.09604387790240487,0.002289247145837218,2
Kebili,2011,6,0.09348870736199016,0.09494680600211143,0.0014580986401217793,2
Kebili,2011,7,0.09288872567724027,0.0948933421740764,0.002004616496836293,2
Kebili,2011,8,0.09414178249245352,0.09597774861389222,0.0018359661214391281,2
Kebili,2011,9,0.09508948019285678,0.09916057933170598,0.004071099138848878,2
Kebili,2011,10,0.09677750252089101,0.09677750252089101,0.0,1
Kebili,2011,11,0.09054572998844632,0.0937634865142345,0.00321775652578891,2
Kebili,2011,12,0.0921601457981109,0.0954655799473015,0.0033054341491904784,2
Kebili,2012,1,0.09135921034672059,0.09415797727251904,0.002798766925798361,2
Kebili,2012,2,0.09047258622085608,0.09323473997359931,0.0027621537527438254,2
Kebili,2012,3,0.09406650638642683,0.09821907235294204,0.0041525659665153205,2
Kebili,2012,4,0.0934649264926163,0.09700827981573697,0.0035433533231204275,2
Kebili,2012,5,0.09183483867971527,0.09407711835125582,0.002242279671540693,2
Kebili,2012,6,0.09238171180867075,0.09418204622914496,0.0018003344204742195,2
Kebili,2012,7,0.09179556507851659,0.09345465552576245,0.0016590904472453538,2
Kebili,2012,8,0.09276637691505278,0.09496312154653978,0.0021967446314877055,2
Kebili,2012,9,0.09187591094747573,0.09400441182391961,0.0021285008764428486,2
Kebili,2012,10,0.08903888010677556,0.09099861555607242,0.001959735449297037,2
Kebili,2012,11,0.09041773145860797,0.09041773145860797,0.0,1
Kebili,2012,12,0.08937640888969871,0.09263982851693225,0.003263419627232297,2
Kebili,2013,1,0.08992212772909981,0.09220601371056278,0.0022838859814640496,2
Kebili,2013,2,0.09181104236593483,0.09442431971565447,0.0026132773497193457,2
Kebili,2013,3,0.0939070777393684,0.09664559034920002,0.0027385126098315228,2
Kebili,2013,4,0.09243049537808917,0.09501482043859902,0.0025843250605093802,2
Kebili,2013,5,0.09296936657435005,0.09513545951581176,0.0021660929414625686,2
Kebili,2013,6,0.0920485025756909,0.0934363379791567,0.0013878354034653872,2
Kebili,2013,7,0.09284018369468906,0.09541182932570995,0.0025716456310206732,2
Kebili,2013,8,0.09303871776243483,0.09794348304887336,0.004904765286438128,2
Kebili,2013,9,0.08841045962119742,0.09179664112852243,0.00338618150732472,2
Kebili,2013,10,0.08639377655075316,0.08639377655075316,0.0,1
Kebili,2013,11,0.08731183069935367,0.09014074602373756,0.0028289153243841562,2
Kebili,2013,12,0.09201318312793254,0.09806628256971245,0.006053099441777343,2
Kebili,2014,1,0.09012003445592784,0.09516829159273352,0.005048257136806064,2
Kebili,2014,2,0.09331449598249161,0.10001769488625131,0.0067031989037595946,2
Kebili,2014,3,0.0921777144108894,0.09557104004309687,0.0033933256322068355,2
Kebili,2014,4,0.09168799774053828,0.09395972092792133,0.002271723187382592,2
Kebili,2014,5,0.09082843925144143,0.09322905859760829,0.002400619346165913,2
Kebili,2014,6,0.0883517447819342,0.09074927678747027,0.002397532005535861,2
Kebili,2014,7,0.09085976063276699,0.09288075009088706,0.0020209894581201,2
Kebili,2014,8,0.09229483496869736,0.09422023192630091,0.0019253969576044088,2
Kebili,2014,9,0.0912892183719981,0.09396181399758982,0.002672595625591474,2
Kebili,2014,10,0.08981619084916853,0.08981619084916853,0.0,1
Kebili,2014,11,0.0871316123103493,0.09123779609108992,0.004106183780741452,2
Kebili,2014,12,0.08854889391879883,0.0926817702503072,0.004132876331507748,2
Kebili,2015,1,0.08704552371657641,0.09023319400661067,0.00318767029003362,2
Kebili,2015,2,0.09105242183567325,0.09561845835599116,0.004566036520317639,2
Kebili,2015,3,0.09099354713771196,0.09569104267991099,0.00469749554219902,2
Kebili,2015,4,0.09208659407286551,0.09498911728199345,0.002902523209128308,2
Kebili,2015,5,0.09234244872420422,0.09474657178495095,0.0024041230607457146,2
Kebili,2015,6,0.09200451229614606,0.09380096809178261,0.00179645579563555,2
Kebili,2015,7,0.09295115197107733,0.09465496175383434,0.0017038097827564561,2
Kebili,2015,8,0.09262917339497637,0.0951560539096298,0.0025268805146526825,2
Kebili,2015,9,0.08930049837103259,0.09227428360117967,0.0029737852301464003,2
Kebili,2015,10,0.09032760279688462,0.09032760279688462,0.0,1
Kebili,2015,11,0.08779629997065284,0.09006721131277678,0.0022709113421255024,2
Kebili,2015,12,0.08855586589486743,0.09125109158162857,0.002695225686760064,2
Kebili,2016,1,0.08794879482748279,0.09130461398939105,0.0033558191619086526,2
Kebili,2016,2,0.09195456934960299,0.0961401388586668,0.004185569509062612,2
Kebili,2016,3,0.09074441075262171,0.09327261168050728,0.002528200927885431,2
Kebili,2016,4,0.08886341129088787,0.09174312905579267,0.002879717764905738,2
Kebili,2016,5,0.0900507322102596,0.09280047264973607,0.002749740439475885,2
Kebili,2016,6,0.08882601397802539,0.09104487521137075,0.002218861233346049,2
Kebili,2016,7,0.09035974173607993,0.09225990062087262,0.0019001588847931462,2
Kebili,2016,8,0.09175545702144916,0.09350049871262685,0.0017450416911778664,2
Kebili,2016,9,0.08974519349698186,0.09320055942913527,0.0034553659321524344,2
Kebili,2016,10,0.08832202422613324,0.09092991735025424,0.0026078931241208395,2
Kebili,2016,11,0.09101141948565192,0.09101141948565192,0.0,1
Kebili,2016,12,0.09464645695124112,0.10105659653524864,0.0064101395840083265,2
Kebili,2017,1,0.08917547018226427,0.09269541563479834,0.0035199454525342085,2
Kebili,2017,2,0.09406415718670674,0.09921836971599585,0.00515421252928806,2
Kebili,2017,3,0.09583940685917768,0.09944488838090722,0.0036054815217298358,2
Kebili,2017,4,0.09470318444052689,0.09837408759893328,0.003670903158406723,2
Kebili,2017,5,0.09112171456758576,0.09393231991857638,0.0028106053509892375,2
Kebili,2017,6,0.09073002993816634,0.09328200106606438,0.0025519711278981453,2
Kebili,2017,7,0.09059456059607679,0.09275219642727638,0.0021576358311991167,2
Kebili,2017,8,0.09057588260971444,0.09227376113687116,0.0016978785271573435,2
Kebili,2017,9,0.09001182219584486,0.09311640238197189,0.0031045801861265205,2
Kebili,2017,10,0.09013976415655649,0.09013976415655649,0.0,1
Kebili,2017,11,0.09052337228368677,0.09428851035838309,0.0037651380746969282,2
Kebili,2017,12,0.09204097803143989,0.09675738785579716,0.004716409824358188,2
Kebili,2018,1,0.08914358161689664,0.09232951535959047,0.0031859337426937153,2
Kebili,2018,2,0.10250606444089834,0.11023321732221446,0.007727152881315806,2
Kebili,2018,3,0.09871272515947019,0.10196168539837101,0.003248960238900622,2
Kebili,2018,4,0.09673820330741449,0.09940285409737673,0.0026646507899614653,2
Kebili,2018,5,0.09376935442232617,0.0962191908933101,0.002449836470982786,2
Kebili,2018,6,0.09286926395807416,0.09528641447439715,0.0024171505163228684,2
Kebili,2018,7,0.09198332843473143,0.09411726569889466,0.0021339372641638655,2
Kebili,2018,8,0.09094446962306897,0.09290811672279779,0.00196364709972926,2
Kebili,2018,9,0.09333312166864162,0.09702714455223754,0.0036940228835965015,2
Kebili,2018,10,0.0892761454480859,0.0892761454480859,0.0,1
Kebili,2018,11,0.09212455219577356,0.09528278974107651,0.0031582375453029663,2
Kebili,2018,12,0.09227464088664507,0.09539504387883255,0.003120402992188508,2
Kebili,2019,1,0.09091393718567083,0.09442242587520401,0.003508488689533681,2
Kebili,2019,2,0.09071850250882554,0.09309964833266644,0.0023811458238395455,2
Kebili,2019,3,0.0939521210949089,0.09696132236395175,0.003009201269043331,2
Kebili,2019,4,0.09222286861003146,0.09533350171734684,0.003110633107314412,2
Kebili,2019,5,0.09210574218698346,0.09513202228122689,0.003026280094245044,2
Kebili,2019,6,0.08978395750542226,0.09186808310413964,0.0020841255987160676,2
Kebili,2019,7,0.08979460115127363,0.09175467192227134,0.0019600707709978875,2
Kebili,2019,8,0.08999758969130663,0.09260166766165069,0.0026040779703447184,2
Kebili,2019,9,0.08967236769521378,0.09253995394732263,0.002867586252108225,2
Kebili,2019,10,0.08715527408698828,0.08715527408698828,0.0,1
Kebili,2019,11,0.09332997772516638,0.09851960993459863,0.005189632209431067,2
Kebili,2019,12,0.0888713173519694,0.09188573710086718,0.003014419748897914,2
Kebili,2020,1,0.09216409559077868,0.0967588181023856,0.004594722511607985,2
Kebili,2020,2,0.0886958624614853,0.09163534241449948,0.002939479953014116,2
Kebili,2020,3,0.09251494437905632,0.09612305623959094,0.0036081118605343515,2
Kebili,2020,4,0.09061173420269739,0.09420500509265793,0.0035932708899598146,2
Kebili,2020,5,0.08987850905289402,0.09265285218590359,0.00277434313300955,2
Kebili,2020,6,0.09239457989976978,0.0949646527305059,0.0025700728307367095,2
Kebili,2020,7,0.09079305717570436,0.09319256598541313,0.002399508809707878,2
Kebili,2020,8,0.09170656151096754,0.09384260355347956,0.002136042042510878,2
Kebili,2020,9,0.09098865341921777,0.09371994136794319,0.0027312879487254187,2
Kebili,2020,10,0.09076148526065733,0.09334869818546758,0.0025872129248101887,2
Kebili,2020,11,0.09158270698812607,0.09158270698812607,0.0,1
Kebili,2020,12,0.08932245072434591,0.09326936117425767,0.003946910449911191,2
Kebili,2021,1,0.08922476778516154,0.09252763156345588,0.0033028637782936015,2
Kebili,2021,2,0.09338100744921887,0.0964764463560132,0.0030954389067946882,2
Kebili,2021,3,0.09428845968457335,0.09714683760318484,0.0028583779186114023,2
Kebili,2021,4,0.09221884803473793,0.09520317414910039,0.002984326114363007,2
Kebili,2021,5,0.09254864238209984,0.09467377967016095,0.0021251372880609675,2
Kebili,2021,6,0.09197704261188323,0.0939870229913088,0.0020099803794251096,2
Kebili,2021,7,0.09239801145807928,0.09429973556267816,0.0019017241045987015,2
Kebili,2021,8,0.09180883870704212,0.09368188608699489,0.0018730473799526367,2
Kebili,2021,9,0.09089759693018903,0.09312368163269735,0.0022260847025072777,2
Kebili,2021,10,0.08866062693681957,0.08866062693681957,0.0,1
Kebili,2021,11,0.08981578978773692,0.09422364226944539,0.004407852481709077,2
Kebili,2021,12,0.08712130909557139,0.09159346631076946,0.004472157215198222,2
Kebili,2022,1,0.08717319147445535,0.09091964947228043,0.0037464579978262673,2
Kebili,2022,2,0.09536022932146603,0.09872394045915708,0.0033637111376924314,2
Kebili,2022,3,0.09180201557871985,0.09644933952446977,0.004647323945750229,2
Kebili,2022,4,0.09245939849957477,0.09515540084014708,0.0026960023405726706,2
Kebili,2022,5,0.09258473281466366,0.09497643487264404,0.0023917020579799536,2
Kebili,2022,6,0.09051734470158067,0.09237298080547413,0.001855636103892791,2
Kebili,2022,7,0.09200842488414623,0.09379244411632114,0.001784019232175301,2
Kebili,2022,8,0.09327044191209524,0.0952086232557452,0.0019381813436503714,2
Kebili,2022,9,0.0924249772258594,0.09481626722705529,0.0023912900011963047,2
Kebili,2022,10,0.095239610158452,0.095239610158452,0.0,1
Kebili,2022,11,0.09309161022008397,0.09587896963055348,0.0027873594104698726,2
Kebili,2022,12,0.09312385351259476,0.09614249889490654,0.0030186453823111943,2
Kebili,2023,1,0.09231648821653435,0.09492159825848083,0.002605110041946273,2
Kebili,2023,2,0.09490891765158431,0.0977875308615592,0.0028786132099757125,2
Kebili,2023,3,0.09521951626517727,0.09767788837669199,0.002458372111514304,2
Kebili,2023,4,0.09560377724411527,0.09825712411620006,0.0026533468720824002,2
Kebili,2023,5,0.0927322029916957,0.0970902691513191,0.0043580661596249685,2
Kebili,2023,6,0.09195426435708465,0.09456143574407107,0.002607171386986262,2
Kebili,2023,7,0.09340270697213685,0.09547096857001484,0.002068261597877646,2
Kebili,2023,8,0.09166024593601385,0.09419382956322724,0.0025335836272131415,2
Kebili,2023,9,0.09020272271452993,0.0927645427372554,0.0025618200227254364,2
Kebili,2023,10,0.08512375550420587,0.08512375550420587,0.0,1
Kebili,2023,11,0.08947493191015171,0.0933628451752323,0.003887913265081403,2
Kebili,2023,12,0.09366591168589938,0.09839436922351966,0.004728457537619268,2
Kebili,2024,1,0.08884507205669978,0.09302149146313152,0.0041764194064317995,2
Kebili,2024,2,0.0949033347854705,0.09891770187802483,0.004014367092554316,2
Kebili,2024,3,0.09398316641018159,0.09713416855233767,0.0031510021421575045,2
Kebili,2024,4,0.09452422576278328,0.09759275793213884,0.0030685321693555722,2
Kebili,2024,5,0.09259950138185727,0.09585550295493438,0.003256001573076442,2
Kebili,2024,6,0.0935428362589045,0.09570566750873284,0.0021628312498282857,2
Kebili,2024,7,0.09429310667048699,0.09587182466258891,0.0015787179921020811,2
Kebili,2024,8,0.0920026116238174,0.094661990638,0.0026593790141831043,2
Kebili,2024,9,0.09030605036286692,0.092691007953616,0.002384957590748062,2
Kebili,2024,10,0.08818263608194336,0.09221605224090701,0.004033416158963539,2
Kebili,2024,11,0.08891763216378924,0.08891763216378924,0.0,1
Kebili,2024,12,0.09000331622311086,0.09406267622432062,0.004059360001209379,2
Tozeur,2002,1,0.09642392698942193,0.10345317665756629,0.007029249668143941,2
Tozeur,2002,2,0.08928416838729794,0.09280008216317288,0.0035159137758755464,2
Tozeur,2002,3,0.08845401711601614,0.09449451647927956,0.006040499363263518,2
Tozeur,2002,4,0.09210188410496632,0.09526484545792745,0.0031629613529610815,2
Tozeur,2002,5,0.07811352247348244,0.08454958182204414,0.00643605934856181,2
Tozeur,2002,6,0.08488716664062758,0.08806453591294967,0.003177369272322044,2
Tozeur,2002,7,0.0912732495647377,0.09493119958232811,0.0036579500175903897,2
Tozeur,2002,8,0.09270274532900621,0.09725013341680738,0.004547388087801098,2
Tozeur,2002,9,0.09377286344840265,0.09678581965914064,0.0030129562107378757,2
Tozeur,2002,10,0.09412497900961356,0.09412497900961356,0.0,1
Tozeur,2002,11,0.09481883944798929,0.10225077391864361,0.007431934470654457,2
Tozeur,2002,12,0.09414025009188533,0.0980543257618082,0.003914075669922124,2
Tozeur,2003,1,0.09353924513849153,0.10307464653537811,0.009535401396886365,2
Tozeur,2003,2,0.08656842854458284,0.09278509862457866,0.006216670079995645,2
Tozeur,2003,3,0.08755366552547299,0.09213565116902611,0.004581985643552977,2
Tozeur,2003,4,0.09041711688751063,0.09696876945193465,0.006551652564423898,2
Tozeur,2003,5,0.09027007863948597,0.0948673469387756,0.0045972682992897786,2
Tozeur,2003,6,0.08630341182295476,0.08883948328243575,0.002536071459480948,2
Tozeur,2003,7,0.08764219477954754,0.09018697736185384,0.002544782582306443,2
Tozeur,2003,8,0.09004183608840334,0.09285771991012672,0.002815883821722774,2
Tozeur,2003,9,0.08322324372002461,0.09185164376925524,0.008628400049230414,2
Tozeur,2003,10,0.09022507572836916,0.09022507572836916,0.0,1
Tozeur,2003,11,0.0965459007489097,0.10485693604423074,0.008311035295320944,2
Tozeur,2003,12,0.1041539313856033,0.11278349885421596,0.008629567468612511,2
Tozeur,2004,1,0.10820723781038778,0.11922156394110361,0.011014326130715894,2
Tozeur,2004,2,0.0993850758473457,0.10837315994333288,0.00898808409598722,2
Tozeur,2004,3,0.1011463280311295,0.10656740178915655,0.005421073758026677,2
Tozeur,2004,4,0.09372445500863756,0.09839470401587931,0.004670249007241815,2
Tozeur,2004,5,0.09437091670947172,0.09775066202611486,0.0033797453166429553,2
Tozeur,2004,6,0.09506244401158605,0.09875591445588511,0.0036934704442993663,2
Tozeur,2004,7,0.09257284734734333,0.09499160114781165,0.0024187538004682816,2
Tozeur,2004,8,0.09863534646220601,0.10524413831512694,0.006608791852920022,2
Tozeur,2004,9,0.09177486714518376,0.09441388372168841,0.0026390165765044628,2
Tozeur,2004,10,0.09407073993501108,0.10004188276180669,0.005971142826795274,2
Tozeur,2004,11,0.09312401925230533,0.09312401925230533,0.0,1
Tozeur,2004,12,0.09794070736240172,0.10667994964235845,0.008739242279956618,2
Tozeur,2005,1,0.0975334602778713,0.10469942103624492,0.007165960758373908,2
Tozeur,2005,2,0.10032749810889756,0.10393473748809934,0.0036072393792015854,2
Tozeur,2005,3,0.10218587532440963,0.10523479059630671,0.0030489152718972154,2
Tozeur,2005,4,0.09466561046900437,0.10030997861059969,0.005644368141594905,2
Tozeur,2005,5,0.08997820177859094,0.09275201636969127,0.002773814591100574,2
Tozeur,2005,6,0.08840970019995671,0.09305470319537198,0.004645002995415317,2
Tozeur,2005,7,0.08693999264353007,0.08904939698300407,0.002109404339474428,2
Tozeur,2005,8,0.08952350409073707,0.09249024000413636,0.0029667359133993447,2
Tozeur,2005,9,0.08986789156484334,0.09662397208924878,0.006756080524405583,2
Tozeur,2005,10,0.08192643577117129,0.08192643577117129,0.0,1
Tozeur,2005,11,0.0899565485229172,0.09536350454595027,0.00540695602303265,2
Tozeur,2005,12,0.10057015304132973,0.10848333024398647,0.007913177202657032,2
Tozeur,2006,1,0.09344542790607421,0.10789744204164206,0.014452014135567558,2
Tozeur,2006,2,0.09612895078835056,0.10492770963884465,0.008798758850493185,2
Tozeur,2006,3,0.0960334036853157,0.10205160594721985,0.006018202261903864,2
Tozeur,2006,4,0.09681901827371907,0.10327875385104744,0.006459735577328374,2
Tozeur,2006,5,0.08620777748616658,0.09343107257222444,0.0072232950860578,2
Tozeur,2006,6,0.08786595477316289,0.09148124667722474,0.003615291904061305,2
Tozeur,2006,7,0.08727933556856152,0.08981908107628149,0.0025397455077200495,2
Tozeur,2006,8,0.08784164770881651,0.09041901015294047,0.002577362444123994,2
Tozeur,2006,9,0.09019218738935779,0.09927865999844913,0.009086472609090929,2
Tozeur,2006,10,0.09435738468213195,0.09435738468213195,0.0,1
Tozeur,2006,11,0.09875242142648691,0.10862754364195613,0.009875122215469236,2
Tozeur,2006,12,0.10412107226874827,0.10981173640795178,0.005690664139203071,2
Tozeur,2007,1,0.09942075055665221,0.10423413789925247,0.004813387342600228,2
Tozeur,2007,2,0.10111943808145109,0.10924741006167282,0.008127971980222373,2
Tozeur,2007,3,0.09755003192112321,0.10678176798063993,0.009231736059517149,2
Tozeur,2007,4,0.08620927024827667,0.09742820680841592,0.011218936560139225,2
Tozeur,2007,5,0.0776639545938598,0.08433604903462577,0.0066720944407659055,2
Tozeur,2007,6,0.08542992866640492,0.08961378351858444,0.00418385485217931,2
Tozeur,2007,7,0.0884171399291667,0.09090666921061528,0.002489529281448733,2
Tozeur,2007,8,0.09053670783067863,0.09302872822423014,0.002492020393551506,2
Tozeur,2007,9,0.09176647559888616,0.09435282844756532,0.0025863528486792455,2
Tozeur,2007,10,0.0955762423105501,0.0955762423105501,0.0,1
Tozeur,2007,11,0.0945668725054599,0.09809602014402694,0.003529147638567496,2
Tozeur,2007,12,0.09425571396537935,0.09805261050721989,0.0037968965418408267,2
Tozeur,2008,1,0.10071760787147956,0.10856580775615872,0.007848199884679252,2
Tozeur,2008,2,0.09266136566208821,0.09616536619935175,0.0035040005372640043,2
Tozeur,2008,3,0.09331669123506661,0.09730416396442362,0.003987472729357226,2
Tozeur,2008,4,0.09743647047352279,0.10155545547733881,0.004118985003815929,2
Tozeur,2008,5,0.09264533159190866,0.09687665689175896,0.004231325299850614,2
Tozeur,2008,6,0.090806045006536,0.09375770597273415,0.002951660966198462,2
Tozeur,2008,7,0.09240565959269052,0.09535876588890779,0.0029531062962168566,2
Tozeur,2008,8,0.0946375475023405,0.0976201205921593,0.0029825730898186387,2
Tozeur,2008,9,0.09533632073085903,0.10192803804233595,0.006591717311477097,2
Tozeur,2008,10,0.09697761581804089,0.10112382040771381,0.004146204589673068,2
Tozeur,2008,11,0.09087523258022734,0.09087523258022734,0.0,1
Tozeur,2008,12,0.1001725141144189,0.10647908458310888,0.006306570468689682,2
Tozeur,2009,1,0.09298017380714421,0.10281983212186664,0.009839658314721996,2
Tozeur,2009,2,0.08506902829777203,0.09321220413504044,0.008143175837268002,2
Tozeur,2009,3,0.09117673787325786,0.09844136407862322,0.00726462620536541,2
Tozeur,2009,4,0.09244037161857072,0.09933360026550235,0.006893228646931571,2
Tozeur,2009,5,0.09106449308918924,0.09661594387052597,0.005551450781336918,2
Tozeur,2009,6,0.08762850106722252,0.09072000493428618,0.003091503867064286,2
Tozeur,2009,7,0.08791952285788446,0.09043010353009387,0.002510580672209448,2
Tozeur,2009,8,0.08948942506010507,0.09196746136026704,0.002478036300161997,2
Tozeur,2009,9,0.09538662285754752,0.10251738880715022,0.007130765949602842,2
Tozeur,2009,10,0.09303767331180052,0.09303767331180052,0.0,1
Tozeur,2009,11,0.09560412511009048,0.10067934523476355,0.005075220124672609,2
Tozeur,2009,12,0.09957752255947452,0.10452307630914495,0.0049455537496700805,2
Tozeur,2010,1,0.10098874675643488,0.10773580696712953,0.006747060210694454,2
Tozeur,2010,2,0.09785221779049909,0.10276439688299878,0.004912179092499214,2
Tozeur,2010,3,0.10317427952675791,0.10905364940490708,0.005879369878148965,2
Tozeur,2010,4,0.09898606406929167,0.10587248438506314,0.00688642031577186,2
Tozeur,2010,5,0.09396242605595422,0.09852529765885552,0.004562871602901256,2
Tozeur,2010,6,0.09534825304908527,0.09922291975996204,0.0038746667108767213,2
Tozeur,2010,7,0.09133424509915244,0.09391661899104539,0.0025823738918930314,2
Tozeur,2010,8,0.09269033832456804,0.09686545139727992,0.0041751130727116096,2
Tozeur,2010,9,0.0930694222894864,0.09692376302837014,0.003854340738884085,2
Tozeur,2010,10,0.09915928769811592,0.09915928769811592,0.0,1
Tozeur,2010,11,0.09212807660842368,0.10090103103986302,0.008772954431438808,2
Tozeur,2010,12,0.09673930502084982,0.10674593592483553,0.010006630903985337,2
Tozeur,2011,1,0.09739321695018552,0.10306419631893508,0.0056709793687493995,2
Tozeur,2011,2,0.10208460800523331,0.10776881002772876,0.0056842020224953365,2
Tozeur,2011,3,0.09743998722031108,0.10322311583883423,0.005783128618523473,2
Tozeur,2011,4,0.09185042250529105,0.0981928247159414,0.0063424022106502095,2
Tozeur,2011,5,0.09162687412961486,0.09623492092216082,0.0046080467925453126,2
Tozeur,2011,6,0.08983434027243113,0.0921917081510137,0.0023573678785827525,2
Tozeur,2011,7,0.08890490778841668,0.09215822008265778,0.0032533122942408257,2
Tozeur,2011,8,0.09086747125131919,0.09333120649482453,0.0024637352435053854,2
Tozeur,2011,9,0.09434326829591808,0.10002989829075838,0.005686629994840866,2
Tozeur,2011,10,0.09805538505979036,0.09805538505979036,0.0,1
Tozeur,2011,11,0.09474514835454455,0.098334171169156,0.003589022814611363,2
Tozeur,2011,12,0.09853185284137356,0.10236032889996863,0.003828476058595494,2
Tozeur,2012,1,0.09604514475779849,0.09877206261036081,0.002726917852562734,2
Tozeur,2012,2,0.09657441505103387,0.10037481771802197,0.003800402666987365,2
Tozeur,2012,3,0.09543788795685672,0.10398612740574577,0.008548239448888514,2
Tozeur,2012,4,0.09022211310530681,0.09516994508217996,0.004947831976872974,2
Tozeur,2012,5,0.08574798849153557,0.0883661106134364,0.0026181221219005067,2
Tozeur,2012,6,0.08593322263971967,0.0882765269592991,0.0023433043195799667,2
Tozeur,2012,7,0.0873827625371895,0.08945433183131686,0.002071569294127308,2
Tozeur,2012,8,0.09047147603162009,0.09319623044128701,0.002724754409667185,2
Tozeur,2012,9,0.09048717877964615,0.09302174553469558,0.0025345667550492673,2
Tozeur,2012,10,0.09255438302875237,0.09583555040896113,0.0032811673802086504,2
Tozeur,2012,11,0.09495043874684823,0.09495043874684823,0.0,1
Tozeur,2012,12,0.09636119832908673,0.09955354020993741,0.003192341880851042,2
Tozeur,2013,1,0.09532276302050226,0.09927479945329418,0.003952036432791998,2
Tozeur,2013,2,0.09631418149294214,0.10063356258844362,0.004319381095501509,2
Tozeur,2013,3,0.09908500929534113,0.10377752460680195,0.004692515311461332,2
Tozeur,2013,4,0.09017789788162862,0.09402462591028549,0.0038467280286571034,2
Tozeur,2013,5,0.09178982812048644,0.09562669943452409,0.0038368713140375624,2
Tozeur,2013,6,0.09059499760029523,0.09254216448819988,0.0019471668879039998,2
Tozeur,2013,7,0.09254024466866641,0.09542527939412838,0.0028850347254614672,2
Tozeur,2013,8,0.09271246157382328,0.10048299548271157,0.007770533908887601,2
Tozeur,2013,9,0.08384504857293486,0.0900255524096513,0.00618050383671661,2
Tozeur,2013,10,0.08673335156059464,0.08673335156059464,0.0,1
Tozeur,2013,11,0.09140957982135417,0.09669119651385377,0.005281616692499525,2
Tozeur,2013,12,0.09924456629983552,0.10592261459851807,0.006678048298682813,2
Tozeur,2014,1,0.09872774870095602,0.1062539141591537,0.007526165458197341,2
Tozeur,2014,2,0.09683603386224186,0.10223860820530276,0.005402574343059889,2
Tozeur,2014,3,0.09522013149479631,0.10002134820662795,0.004801216711832067,2
Tozeur,2014,4,0.09531298703597742,0.09933510317603897,0.0040221161400618025,2
Tozeur,2014,5,0.08951900158256816,0.0925547427033819,0.003035741120813625,2
Tozeur,2014,6,0.07492423577571138,0.08170730381153969,0.006783068035828023,2
Tozeur,2014,7,0.08345085852648076,0.08645257465215543,0.003001716125674877,2
Tozeur,2014,8,0.08854759734537593,0.09108131686997642,0.0025337195246000533,2
Tozeur,2014,9,0.0900693309377499,0.09308147051848226,0.0030121395807317947,2
Tozeur,2014,10,0.09146593903739812,0.09146593903739812,0.0,1
Tozeur,2014,11,0.09009397974919413,0.09616516714192422,0.006071187392729867,2
Tozeur,2014,12,0.09383238847557564,0.0983149023876774,0.004482513912102295,2
Tozeur,2015,1,0.09385280051658257,0.09856599636054252,0.004713195843959607,2
Tozeur,2015,2,0.0970987940784064,0.1062942907834502,0.009195496705043195,2
Tozeur,2015,3,0.0889390175880893,0.09826362868989627,0.00932461110180701,2
Tozeur,2015,4,0.08728001574700467,0.09226031563696686,0.004980299889961967,2
Tozeur,2015,5,0.08785805682409585,0.09270152333445349,0.004843466510358096,2
Tozeur,2015,6,0.08965476209209243,0.09228967374139156,0.0026349116492992517,2
Tozeur,2015,7,0.09087611822280264,0.0933906859444776,0.002514567721674755,2
Tozeur,2015,8,0.0899502496647721,0.09517439206557746,0.005224142400805674,2
Tozeur,2015,9,0.08210579253180592,0.08708514717998199,0.00497935464817637,2
Tozeur,2015,10,0.0900587966298487,0.0900587966298487,0.0,1
Tozeur,2015,11,0.08829782276021057,0.0920206903392517,0.0037228675790413226,2
Tozeur,2015,12,0.09173555510159126,0.09619212655376624,0.004456571452175085,2
Tozeur,2016,1,0.09210222399749117,0.09686251167537582,0.004760287677884379,2
Tozeur,2016,2,0.09503788424771188,0.09885329017987075,0.003815405932158596,2
Tozeur,2016,3,0.09612510748089524,0.09996195693345901,0.0038368494525639705,2
Tozeur,2016,4,0.08819172855130913,0.0917674887292581,0.0035757601779490464,2
Tozeur,2016,5,0.08684251528336209,0.09117135197197204,0.004328836688610581,2
Tozeur,2016,6,0.08763459457363378,0.09050588562571606,0.002871291052082072,2
Tozeur,2016,7,0.0897853605681961,0.09193137222614978,0.0021460116579539727,2
Tozeur,2016,8,0.09404372997202398,0.09663444356648895,0.0025907135944646174,2
Tozeur,2016,9,0.0864524261177732,0.09506041303011267,0.008607986912339426,2
Tozeur,2016,10,0.08347910051557086,0.08784077788630425,0.004361677370733502,2
Tozeur,2016,11,0.0934950322189788,0.0934950322189788,0.0,1
Tozeur,2016,12,0.1008264528607058,0.10882753668962239,0.008001083828916282,2
Tozeur,2017,1,0.09229807512768873,0.09925201758611364,0.006953942458424896,2
Tozeur,2017,2,0.09960551291288143,0.1039750742109915,0.00436956129811074,2
Tozeur,2017,3,0.09893701956742351,0.10430642800381744,0.005369408436393205,2
Tozeur,2017,4,0.0931542660782987,0.09730871997419317,0.004154453895894406,2
Tozeur,2017,5,0.08901158292804352,0.09289325003119052,0.003881667103146795,2
Tozeur,2017,6,0.08934529379797324,0.09280092779194583,0.003455633993973248,2
Tozeur,2017,7,0.08706621185622482,0.09026320978135137,0.00319699792512699,2
Tozeur,2017,8,0.08800295205762013,0.09057140389999693,0.002568451842377078,2
Tozeur,2017,9,0.09028733706458257,0.09363140639523929,0.003344069330656791,2
Tozeur,2017,10,0.08549891415482043,0.08549891415482043,0.0,1
Tozeur,2017,11,0.08979437800035106,0.09658873546474737,0.006794357464396385,2
Tozeur,2017,12,0.09458719758518103,0.1009351417662622,0.006347944181081032,2
Tozeur,2018,1,0.09217135391084336,0.0981534088162997,0.005982054905456156,2
Tozeur,2018,2,0.1116781230113844,0.11984217753232929,0.008164054520944672,2
Tozeur,2018,3,0.10294332196611669,0.10804286332476472,0.005099541358648478,2
Tozeur,2018,4,0.09750525141818592,0.1024551048507744,0.004949853432588575,2
Tozeur,2018,5,0.09058023860477744,0.09453183688081199,0.003951598276034542,2
Tozeur,2018,6,0.08847858033613842,0.09146383516561317,0.0029852548294749316,2
Tozeur,2018,7,0.08924986812866854,0.09246522660063637,0.0032153584719673118,2
Tozeur,2018,8,0.08733505121991486,0.09090394315792069,0.0035688919380055676,2
Tozeur,2018,9,0.09068392459533767,0.09683779601502987,0.0061538714196919305,2
Tozeur,2018,10,0.09209245004925151,0.09209245004925151,0.0,1
Tozeur,2018,11,0.09678157951675478,0.10139625117877744,0.004614671662022796,2
Tozeur,2018,12,0.09813552014571264,0.10183623356596018,0.0037007134202472233,2
Tozeur,2019,1,0.0979115569921309,0.10297368131479051,0.005062124322659576,2
Tozeur,2019,2,0.09281452295904306,0.09551638649511675,0.002701863536073731,2
Tozeur,2019,3,0.09802288708015007,0.1042124968387976,0.006189609758647115,2
Tozeur,2019,4,0.08953823481807804,0.09562958025970764,0.006091345441629871,2
Tozeur,2019,5,0.08981966020863373,0.09563396480583734,0.0058143045972037675,2
Tozeur,2019,6,0.08289809240378387,0.08522739680991052,0.002329304406126603,2
Tozeur,2019,7,0.08157040445412042,0.08404599013367524,0.002475585679554665,2
Tozeur,2019,8,0.08661825975364547,0.09139517867399162,0.004776918920346728,2
Tozeur,2019,9,0.08644404106247884,0.09191426773055462,0.005470226668075347,2
Tozeur,2019,10,0.0830529729356079,0.0830529729356079,0.0,1
Tozeur,2019,11,0.09978652476191203,0.1072292390746022,0.007442714312689809,2
Tozeur,2019,12,0.09524054435069203,0.09945654551626171,0.004216001165570604,2
Tozeur,2020,1,0.0978524894261281,0.1041258829169163,0.006273393490788372,2
Tozeur,2020,2,0.08925896118099112,0.09335836513269186,0.0040994039517002,2
Tozeur,2020,3,0.09286899764862686,0.0985208352206885,0.0056518375720613885,2
Tozeur,2020,4,0.08943511014473503,0.09456167975919817,0.0051265696144624845,2
Tozeur,2020,5,0.08541361520209788,0.08940684140484426,0.003993226202746374,2
Tozeur,2020,6,0.0880202942194668,0.09134770634364874,0.003327412124182182,2
Tozeur,2020,7,0.08774426524093111,0.09145197315253711,0.003707707911605471,2
Tozeur,2020,8,0.08711296365712656,0.08994286321236654,0.0028298995552398314,2
Tozeur,2020,9,0.08940224583086503,0.0937013842415301,0.004299138410665248,2
Tozeur,2020,10,0.09218797478456084,0.09536728489490173,0.0031793101103414594,2
Tozeur,2020,11,0.09251347268102551,0.09251347268102551,0.0,1
Tozeur,2020,12,0.09496803026437217,0.09930902350586047,0.004340993241488953,2
Tozeur,2021,1,0.09602799600536359,0.10012890643176892,0.004100910426405521,2
Tozeur,2021,2,0.09624031578870447,0.10034824445061345,0.004107928661909247,2
Tozeur,2021,3,0.09575422814386537,0.10041337821023687,0.0046591500663711585,2
Tozeur,2021,4,0.08876098142842538,0.09274648137054,0.00398549994211485,2
Tozeur,2021,5,0.08846517894374797,0.09173569000767642,0.0032705110639287575,2
Tozeur,2021,6,0.08827332731627668,0.09115374764104035,0.002880420324763711,2
Tozeur,2021,7,0.08889459886724975,0.09141152183955602,0.002516922972306197,2
Tozeur,2021,8,0.09109643705750174,0.0941013408557782,0.0030049037982765076,2
Tozeur,2021,9,0.09258866811360737,0.09519662883713863,0.0026079607235304824,2
Tozeur,2021,10,0.09386187982821079,0.09386187982821079,0.0,1
Tozeur,2021,11,0.09298690573602335,0.0960905565740095,0.0031036508379857454,2
Tozeur,2021,12,0.09143926469579891,0.09708907561372292,0.005649810917923365,2
Tozeur,2022,1,0.0905596351494276,0.09516551540812425,0.004605880258695981,2
Tozeur,2022,2,0.10248171186577787,0.10611308530021044,0.003631373434431906,2
Tozeur,2022,3,0.08969615918075126,0.09682505375449717,0.00712889457374623,2
Tozeur,2022,4,0.09069748691402538,0.09423231108933078,0.003534824175305503,2
Tozeur,2022,5,0.08958352698627518,0.09262784218825992,0.00304431520198541,2
Tozeur,2022,6,0.08610469181504181,0.08857994566665146,0.0024752538516095166,2
Tozeur,2022,7,0.08886244853561806,0.0909642521633863,0.0021018036277681896,2
Tozeur,2022,8,0.09041152959504006,0.09331165688613899,0.00290012729109931,2
Tozeur,2022,9,0.09034691741982857,0.0943368115181304,0.003989894098301313,2
Tozeur,2022,10,0.09251406361520251,0.09251406361520251,0.0,1
Tozeur,2022,11,0.09241553611751464,0.09549032705663663,0.0030747909391216906,2
Tozeur,2022,12,0.0993887123985466,0.10419591516399457,0.004807202765448298,2
Tozeur,2023,1,0.0978706259631131,0.1013433841223887,0.0034727581592751506,2
Tozeur,2023,2,0.09839255687074065,0.10176614905366227,0.003373592182921519,2
Tozeur,2023,3,0.09600022583632786,0.09868475659581466,0.0026845307594866325,2
Tozeur,2023,4,0.09531765440438494,0.0986021622065142,0.0032845078021294994,2
Tozeur,2023,5,0.09076804481995465,0.09730263501005457,0.006534590190099332,2
Tozeur,2023,6,0.08677481445847036,0.09001507031077002,0.003240255852299638,2
Tozeur,2023,7,0.0862267612536012,0.08909891507520012,0.0028721538215991374,2
Tozeur,2023,8,0.086515150085479,0.09019282741350057,0.003677677328022119,2
Tozeur,2023,9,0.08573773203228544,0.08865931855145533,0.0029215865191701057,2
Tozeur,2023,10,0.080768891516512,0.080768891516512,0.0,1
Tozeur,2023,11,0.09087236858669245,0.09542882966371502,0.004556461077023169,2
Tozeur,2023,12,0.09833320232372278,0.10293168666045524,0.004598484336731911,2
Tozeur,2024,1,0.09387160804344824,0.09809370603118113,0.004222097987732883,2
Tozeur,2024,2,0.09791656619193366,0.10197757777120929,0.0040610115792751415,2
Tozeur,2024,3,0.09429760161651268,0.0974393144039575,0.0031417127874446777,2
Tozeur,2024,4,0.08932895543743725,0.09518164945660991,0.005852694019172842,2
Tozeur,2024,5,0.08905776902819282,0.09368900873672122,0.004631239708528697,2
Tozeur,2024,6,0.09018833690385292,0.0928213421371191,0.0026330052332658588,2
Tozeur,2024,7,0.09237724695484878,0.0944636039060667,0.0020863569512179696,2
Tozeur,2024,8,0.09018881327604047,0.09425396962772559,0.0040651563516853825,2
Tozeur,2024,9,0.08615471631787583,0.09132445967316809,0.005169743355292211,2
Tozeur,2024,10,0.08522663340050997,0.09078598083833413,0.005559347437824025,2
Tozeur,2024,11,0.09002555746757578,0.09002555746757578,0.0,1
Tozeur,2024,12,0.09114929930886263,0.09624190467947945,0.005092605370616607,2
