governorate,year,month,precip_total_mm,precip_max_daily_mm,rain_days
Gabes,2002,1,18.998214151535798,15.129464524726027,2.2331610746320845
Gabes,2002,2,16.80608696267023,15.295596589940937,1.2359361513837148
Gabes,2002,3,17.400478441016965,6.888505889628361,3.30963956778726
Gabes,2002,4,6.927477101654684,5.74180530476765,1.6243704181188474
Gabes,2002,5,13.289194917433719,7.313206043539215,2.96996580318806
Gabes,2002,6,3.195229443998614,2.1409776032353243,1.8078750996951785
Gabes,2002,7,0.20959518638021685,0.20959518638021685,0.26966316686514663
Gabes,2002,8,2.2723969958934154,2.0038572114036404,1.20360759977712
Gabes,2002,9,10.341456521346538,7.397224497597919,1.7421254465797735
Gabes,2002,10,14.757125735034137,7.99867820717084,2.555496072283102
Gabes,2002,11,30.247160148622697,18.25432774352952,2.52842268570617
Gabes,2002,12,22.02863144976097,14.170262356196934,2.294005178686537
Gabes,2003,1,44.613715446627424,22.317030457222188,3.280162571425451
Gabes,2003,2,24.444903016933704,13.421832871232084,2.6854548831517877
Gabes,2003,3,27.24513832207339,18.377487356584158,2.4652295993619515
Gabes,2003,4,19.47180130312431,9.520496122646573,2.79084224671962
Gabes,2003,5,10.552713086235439,4.144613502604638,5.048214227184826
Gabes,2003,6,1.1856847437036901,1.1392167480902904,0.5983786559451103
Gabes,2003,7,0.0,0.0,0.0
Gabes,2003,8,0.047481555894907254,0.047481555894907254,0.03264539107823751
Gabes,2003,9,26.333358024568565,14.233639453408692,2.7955839132952387
Gabes,2003,10,18.938156307119375,7.328567960826534,4.255809634105037
Gabes,2003,11,27.226808278226624,13.799768679024437,2.9797331993138783
Gabes,2003,12,79.46284925561775,56.646102123810415,3.3024833659277397
Gabes,2004,1,36.60938132247109,28.236812889333063,1.804903363961149
Gabes,2004,2,12.803814916827953,5.997136758443072,3.062297195424401
Gabes,2004,3,38.10020842574613,13.439524411574276,4.5819248544177285
Gabes,2004,4,12.125412131559536,7.959543338860409,2.5527865485256047
Gabes,2004,5,3.541445727799175,2.300595267665652,1.0371029946792825
Gabes,2004,6,2.2537267873890463,1.6879829876159456,1.3020135694697854
Gabes,2004,7,0.0,0.0,0.0
Gabes,2004,8,0.6051311737407947,0.52308874825216,0.29833167629931506
Gabes,2004,9,11.47186912049649,8.381105577237584,1.9250729277059733
Gabes,2004,10,8.341492177242413,6.756965386634261,1.5455866446699955
Gabes,2004,11,26.46959932875908,16.01575695373408,2.250314108096887
Gabes,2004,12,50.18667367347749,18.819223095001618,4.1948453495613425
Gabes,2005,1,20.101862203119023,8.541081684701009,3.0229763244436185
Gabes,2005,2,10.329484251401349,7.405609897192155,2.2154617662161726
Gabes,2005,3,18.47718000282071,7.950366682616555,3.305476952659813
Gabes,2005,4,8.346201691930812,5.191375121297301,2.0506069114706817
Gabes,2005,5,5.3612658416995425,3.049314265400731,2.4093565973625846
Gabes,2005,6,4.550266292521232,1.6630742568110592,4.2841176020714755
Gabes,2005,7,0.08104967669870787,0.08104967669870787,0.15985097619333768
Gabes,2005,8,0.8334913546425151,0.830002130106173,0.36357875645970134
Gabes,2005,9,15.031867878745636,6.028742149894712,3.4068218815894413
Gabes,2005,10,9.187109751450718,5.542789908957085,2.025980836674715
Gabes,2005,11,32.98353770500251,15.000309920506076,3.601022626708475
Gabes,2005,12,60.66622629340265,27.866254469113397,3.633536911798447
Gabes,2006,1,57.13940743672288,21.706596319283875,4.043920506069116
Gabes,2006,2,25.361774796307976,18.02951214992043,2.928820373870576
Gabes,2006,3,6.9423835647073755,5.370012981959436,1.4285636246435556
Gabes,2006,4,11.926723606057362,3.9634741811602603,4.460575336778507
Gabes,2006,5,15.700077265882314,4.68520693590193,6.519365447016789
Gabes,2006,6,2.2597713031972906,1.5369534579474855,1.7422893290651045
Gabes,2006,7,0.36864200381153256,0.2616957514329724,0.4400135476187876
Gabes,2006,8,2.3137342854910177,2.2672396782622815,0.9579586797626986
Gabes,2006,9,22.15978133157599,11.080406091064471,2.85892995662577
Gabes,2006,10,23.066005642278853,9.337954476761436,3.5097073058811974
Gabes,2006,11,58.267652065998135,34.29946952952943,2.699100831430477
Gabes,2006,12,69.22432209802429,24.549325610229825,5.123960711905517
Gabes,2007,1,14.595378955990212,11.937918586802022,1.835549388718331
Gabes,2007,2,39.66709369216982,24.53555501067266,4.595964120661212
Gabes,2007,3,34.38712691160783,15.238513680380883,3.4275912552305856
Gabes,2007,4,36.35127829808121,17.600967600484992,7.839482568366312
Gabes,2007,5,5.4388347937418695,2.905341563570039,2.4144806564039816
Gabes,2007,6,3.0151882054334838,2.929839224240949,0.8859268647095457
Gabes,2007,7,0.0010111223848524383,0.0010111223848524383,0.002786002250652799
Gabes,2007,8,0.023084870149703517,0.023084870149703517,0.019502015754569592
Gabes,2007,9,7.912056393160682,4.972053596717077,2.015273847632991
Gabes,2007,10,16.46704762970554,8.565937123562103,3.2707120147712754
Gabes,2007,11,14.980014000028689,7.9817481845902885,2.6412066121120086
Gabes,2007,12,46.309746815827516,32.11981916273926,2.6463634476504723
Gabes,2008,1,23.93051040394381,12.833950427967714,2.5743644090943865
Gabes,2008,2,7.0431457258836065,3.5672256351669924,1.7207770214904567
Gabes,2008,3,16.596953901999562,5.897371945288799,4.65169509117329
Gabes,2008,4,7.017695113997812,3.861950066987807,2.4768324793234937
Gabes,2008,5,7.037104918562803,2.7432748508708134,4.359831310295099
Gabes,2008,6,0.9685659843304435,0.9685659843304435,0.5365731079767068
Gabes,2008,7,0.0,0.0,0.0
Gabes,2008,8,1.9843395185660218,1.958124584302182,0.8031662096166241
Gabes,2008,9,14.68907007192613,9.032846722021805,3.3623769515672635
Gabes,2008,10,11.520501409058056,6.182143725844478,2.7931038250172078
Gabes,2008,11,33.18683814191083,20.38381222313444,2.519551180500169
Gabes,2008,12,24.11274323682707,17.343648532137916,2.2548700411891325
Gabes,2009,1,127.6141854520223,26.051608653144033,9.83920943089076
Gabes,2009,2,8.705859224518411,6.010462786926827,1.8683914387789662
Gabes,2009,3,20.94958494455435,13.384827841243698,3.4912432125337323
Gabes,2009,4,14.036911435108712,9.098484711689284,1.9571174163379912
Gabes,2009,5,9.923908230086319,4.800932922661172,2.7967092396945237
Gabes,2009,6,2.4419056408161093,1.4344024381679614,2.497558150968546
Gabes,2009,7,0.23017289245621209,0.23017289245621209,0.47953107758196867
Gabes,2009,8,0.9686926213613368,0.9466516865186854,0.5507107037113923
Gabes,2009,9,34.961390120572936,16.607378041365624,3.6204263129718455
Gabes,2009,10,6.793900964801362,4.538275253083885,1.7487353734881839
Gabes,2009,11,12.44207407986437,8.706354769223674,1.8795682242786438
Gabes,2009,12,22.67572842836888,11.62371669647443,3.4233521616099813
Gabes,2010,1,32.25667881206717,17.356045530810054,3.0092101956756876
Gabes,2010,2,11.382214156861792,6.259416200461128,2.4357416775011207
Gabes,2010,3,18.61901439365892,10.146676063822829,4.327502758688504
Gabes,2010,4,21.479362865406486,6.792239624023709,5.476810628325451
Gabes,2010,5,8.048869651463999,4.00756530794071,3.3333697516634064
Gabes,2010,6,3.5860795766220357,2.186376596483325,2.3529700969091762
Gabes,2010,7,0.0006928216987884685,0.0006928216987884685,0.002786002250652799
Gabes,2010,8,0.005576923720587539,0.005576923720587539,0.004173540626468114
Gabes,2010,9,14.35202801187195,6.994958304766546,2.5705623354346714
Gabes,2010,10,32.07406423131848,14.221707369165856,4.725409433075858
Gabes,2010,11,42.4175012355907,24.477580966529995,2.8617268843754444
Gabes,2010,12,29.529840267896017,16.70256111867989,3.6992100864206985
Gabes,2011,1,25.39537583909221,12.853837196539539,3.6242502376296044
Gabes,2011,2,26.960141425462716,13.955352667868537,3.062646811393112
Gabes,2011,3,29.710572314494346,11.694240014992161,4.769089578166485
Gabes,2011,4,9.879825189781137,6.100248735778237,2.4087229184192998
Gabes,2011,5,9.23127917092511,3.884201269500966,3.230582656862853
Gabes,2011,6,1.821748583838476,1.7186761884417192,0.8587223721443479
Gabes,2011,7,0.0,0.0,0.0
Gabes,2011,8,0.4786215679655881,0.4423067186755779,0.34931005473675014
Gabes,2011,9,7.447108789450906,5.155421718672579,1.672082072348654
Gabes,2011,10,38.35895958492192,19.15988015365842,3.2639491308765556
Gabes,2011,11,16.040706892924412,9.76732064415623,2.3060450786089666
Gabes,2011,12,28.894737724461873,14.255908400191194,2.6415890045777846
Gabes,2012,1,43.69312921133957,38.913625512037,1.6868861235236923
Gabes,2012,2,16.76513510753413,13.160613957396873,1.888494356979755
Gabes,2012,3,68.13985595499145,28.01214580925365,6.508658457975067
Gabes,2012,4,12.766382159924223,6.428120767312605,3.1589660107725415
Gabes,2012,5,5.644746331154698,2.7204954848205456,3.1167171060538195
Gabes,2012,6,2.2305837787923766,1.8850368144497094,1.1599930076806262
Gabes,2012,7,0.05493052949189483,0.05493052949189483,0.0465754023315015
Gabes,2012,8,0.0,0.0,0.0
Gabes,2012,9,8.671653900509705,5.657716221779119,1.790842246719619
Gabes,2012,10,16.91962520733718,5.732545460762661,5.280796250368736
Gabes,2012,11,17.105775972576193,9.139345736571274,2.622611412776279
Gabes,2012,12,14.727952764994129,7.291157090606213,2.3817369358345446
Gabes,2013,1,23.61005319142162,13.43256471818548,3.0339345999628544
Gabes,2013,2,9.078233871097082,5.881823231204684,1.9290279583519983
Gabes,2013,3,16.55653881481088,5.76611889702877,4.447279004468529
Gabes,2013,4,14.551813193549512,6.222375166297777,4.835112368757443
Gabes,2013,5,9.24596623406287,2.987815062631324,6.015787346087034
Gabes,2013,6,2.304445651162164,1.6480430527544887,1.5235608386413046
Gabes,2013,7,0.04458601264629363,0.04458601264629363,0.02512864775098603
Gabes,2013,8,2.617623013792591,2.4090285061439305,1.2484676987621413
Gabes,2013,9,34.715160442907624,12.235868734401155,4.4464268155448
Gabes,2013,10,14.278331385444801,8.653919991175842,2.161249440068175
Gabes,2013,11,25.53282316511277,12.992008046978127,3.189284270559057
Gabes,2013,12,40.43042253008634,22.291659243619026,2.831670836565461
Gabes,2014,1,23.96528290931367,14.95625930786664,2.546406057096658
Gabes,2014,2,24.680625054968324,23.009192033852784,1.3010193490587685
Gabes,2014,3,31.230053680423595,17.62098160677144,3.6155644659069797
Gabes,2014,4,8.157034811863948,3.3644730732253394,3.7612559953675877
Gabes,2014,5,8.123451599744515,2.7519590419401747,5.0027095237575
Gabes,2014,6,3.67498239537285,1.698185677380114,2.8744660162352913
Gabes,2014,7,0.02315424533083677,0.02315424533083677,0.03910236100033869
Gabes,2014,8,0.01908305105901343,0.01908305105901343,0.012487845382337841
Gabes,2014,9,10.089849301952327,5.949307457671294,2.0123895158911385
Gabes,2014,10,13.90561092630269,11.303737997853737,1.836478056135214
Gabes,2014,11,22.52384577794267,13.237787360869115,3.096603262354008
Gabes,2014,12,29.220036177403408,15.01633027265446,2.604212872422949
Gabes,2015,1,28.78331592658935,15.697657822648326,2.6783096067912915
Gabes,2015,2,35.05615160628668,19.734764184924597,2.4694686929825522
Gabes,2015,3,21.248305500604737,14.414927302349923,2.4884572102830798
Gabes,2015,4,2.3045232854656956,1.6153503292686269,1.0492302985938882
Gabes,2015,5,4.80064817038876,3.342538211369611,1.5640835145145249
Gabes,2015,6,1.9415637140811741,1.809789907512381,0.8389581444132462
Gabes,2015,7,0.0,0.0,0.0
Gabes,2015,8,4.670100709357224,2.1504928867895905,3.4645740694206197
Gabes,2015,9,20.053884820986884,10.73752197326464,2.8978028821466433
Gabes,2015,10,22.703835784148406,12.4833396774596,3.166865146565571
Gabes,2015,11,32.301083841759784,19.696838302956877,2.2706355362781196
Gabes,2015,12,14.213849723081854,8.197166544220282,2.120125861748736
Gabes,2016,1,18.756351321416318,11.58512829463351,2.2956112270427957
Gabes,2016,2,16.105630231950904,6.95620607357776,3.619683379038337
Gabes,2016,3,8.17018827444231,5.671669776045894,1.7229621212948907
Gabes,2016,4,13.88819251366464,5.517619642786619,4.002676747260434
Gabes,2016,5,13.274786993212759,4.60712015547674,5.119470331807406
Gabes,2016,6,0.7424922264434083,0.6868024142054778,0.4052595352292716
Gabes,2016,7,0.0,0.0,0.0
Gabes,2016,8,0.0,0.0,0.0
Gabes,2016,9,19.83913482568924,10.350264280159573,2.5811819204842186
Gabes,2016,10,7.264501166546348,4.643920748601783,1.8146926110850112
Gabes,2016,11,26.972489684983312,14.59560853777062,3.190431447956386
Gabes,2016,12,88.49081351339326,44.331435986109284,3.756995050748941
Gabes,2017,1,16.347163453053298,6.343648668316443,2.7744321471883238
Gabes,2017,2,22.17358067034139,10.439036820266157,2.8104644429634322
Gabes,2017,3,13.697712273907646,7.265226344854704,2.358061379453507
Gabes,2017,4,15.947466022707504,8.397917735749727,4.278141354106349
Gabes,2017,5,9.297800978684041,2.765882444490596,5.497132056506682
Gabes,2017,6,2.4016120563085672,1.9604654561169703,1.4343869156223719
Gabes,2017,7,0.203245445120022,0.203245445120022,0.21687115559003162
Gabes,2017,8,0.0,0.0,0.0
Gabes,2017,9,8.855845810031301,7.820643174276965,1.3184455199991263
Gabes,2017,10,26.966932907501104,16.60227462697828,2.214412918310044
Gabes,2017,11,71.90951256179652,36.746976697731064,3.2796490729714085
Gabes,2017,12,38.204313014609724,19.188978376414493,3.27482000240361
Gabes,2018,1,16.24093696922052,8.230345674637888,2.5219657157840687
Gabes,2018,2,46.36229060137951,23.283303182772574,3.529591714101543
Gabes,2018,3,15.458990778848962,10.156116785436456,2.149712113100766
Gabes,2018,4,12.100707638438745,6.699846466441823,3.6027488555539793
Gabes,2018,5,9.64049339641724,5.578691832361195,2.2944749751444897
Gabes,2018,6,3.615072394182791,2.349908317434832,2.5757519474702004
Gabes,2018,7,0.011438045719626807,0.011438045719626807,0.04948158507139814
Gabes,2018,8,2.9951022527055255,1.6364624919685145,2.278993543030078
Gabes,2018,9,28.330586120464933,17.536272993747207,2.5568726851598957
Gabes,2018,10,20.074207216593376,11.885844388395874,3.168045100459965
Gabes,2018,11,44.66221336919281,25.60452616626709,3.048443662664293
Gabes,2018,12,13.90612084442852,6.171083354228677,2.6140895235389876
Gabes,2019,1,41.73199694708014,21.986770118343955,2.538834686274296
Gabes,2019,2,20.467075848668888,13.206675852868509,2.0087622502157787
Gabes,2019,3,21.70677439970903,7.023423501034936,4.547225469523322
Gabes,2019,4,13.011186468955213,10.397819255696053,3.8330693004402976
Gabes,2019,5,12.262774691034036,5.9881318507537165,3.27412077046619
Gabes,2019,6,1.862720405086858,1.3532674879887063,1.5996241628336372
Gabes,2019,7,0.0,0.0,0.0
Gabes,2019,8,0.72286369741594,0.7189973701393112,0.25588611259819294
Gabes,2019,9,18.09810173594991,12.44238799363223,2.2901047755356227
Gabes,2019,10,23.020157112063952,13.39928138815723,2.5384413683094977
Gabes,2019,11,34.391791817036584,13.750789361954002,4.790885948715708
Gabes,2019,12,25.140217152944416,11.703653449100718,2.7896950693222915
Gabes,2020,1,43.53966289290137,12.274743357877835,5.300298266123307
Gabes,2020,2,11.375800916164849,10.984398650097262,1.2083492663527413
Gabes,2020,3,37.55450041237131,13.990029595631201,3.922997082891762
Gabes,2020,4,10.301405102470062,4.765541843562096,3.018988517300528
Gabes,2020,5,6.701245946631462,3.272589209620794,3.365851260256312
Gabes,2020,6,3.703487393987399,1.6445182249417092,4.50020212173191
Gabes,2020,7,0.22890397866676543,0.22795274698516096,0.5992199193698172
Gabes,2020,8,0.05971954745597159,0.05971954745597159,0.05907417321286151
Gabes,2020,9,28.259202840456364,12.613429647319874,3.2537010127937593
Gabes,2020,10,7.81284009689384,5.962197116029295,1.701264080236865
Gabes,2020,11,30.634925489136307,24.874122119353377,1.9296834882933267
Gabes,2020,12,32.68820435015492,14.57151541360695,3.508221438014182
Gabes,2021,1,16.21206125991766,7.94752740145477,2.4911885850386213
Gabes,2021,2,25.126662233340753,9.270252674956419,5.537403445902393
Gabes,2021,3,11.445060900971413,6.723090696160835,2.25294715336123
Gabes,2021,4,9.193011831569562,4.47898209031834,3.3983109178511715
Gabes,2021,5,6.183703108793828,2.0443470130728234,4.6547323799014535
Gabes,2021,6,2.9520749222517697,1.5705215673267767,2.7571480077352546
Gabes,2021,7,0.0,0.0,0.0
Gabes,2021,8,0.2785364763644175,0.19090443562965864,0.15569928656491386
Gabes,2021,9,7.76595197506667,5.154522664497816,1.6208087054376208
Gabes,2021,10,8.877413398654603,6.905044639810878,1.5915502190562556
Gabes,2021,11,21.329249104289502,13.6817217431074,2.051612057380722
Gabes,2021,12,13.004243097239238,6.145097160536283,2.4380797342918643
Gabes,2022,1,27.534422357722985,13.444760707300754,3.0110675305094565
Gabes,2022,2,14.266676304644582,9.371320996026448,2.232210556217155
Gabes,2022,3,19.651310157741502,10.609848912525013,2.9114269794272856
Gabes,2022,4,10.245632258277675,4.0767936894625585,4.212577434474321
Gabes,2022,5,8.090063065002292,4.1792823317365375,2.5937790208567777
Gabes,2022,6,2.3108787734655705,1.2125290294595295,3.113985731298277
Gabes,2022,7,0.0,0.0,0.0
Gabes,2022,8,1.0264840443069658,0.9726428205849293,0.5219001627899355
Gabes,2022,9,18.016617862617576,9.93114178523153,3.4829070567798173
Gabes,2022,10,3.76228412388544,3.693480294307078,0.7247102011384371
Gabes,2022,11,11.03671492463226,6.796219664072508,1.9944061445006505
Gabes,2022,12,21.46273699090847,11.280639387593837,2.7237596827235095
Gabes,2023,1,16.6915871264534,6.155143238189494,2.873766784297874
Gabes,2023,2,25.992279634755043,21.401344588271524,1.7084202820963847
Gabes,2023,3,14.798862633733899,6.272558934699325,3.8341399993444703
Gabes,2023,4,9.869906833515453,9.469528848098157,1.3537458073397506
Gabes,2023,5,21.297052862282026,7.006562804926756,4.494433458248205
Gabes,2023,6,1.3683824500333355,0.7939551136919287,0.48574768652558226
Gabes,2023,7,0.10222515890827757,0.08556036703247612,0.14040358793387892
Gabes,2023,8,4.054127697224193,3.965737860484293,1.118596291885632
Gabes,2023,9,8.094302848569338,6.07159320376827,1.5647608954538996
Gabes,2023,10,6.262412015422544,4.673751772781768,1.6432387549301315
Gabes,2023,11,13.712217522238726,8.424956868920663,2.2063936020277723
Gabes,2023,12,57.44034664252328,29.997852127940348,3.1980137442777696
Gabes,2024,1,15.278158496800465,7.419205272978786,2.4657103213189266
Gabes,2024,2,18.6052466531561,5.7834473542287,5.334604333052912
Gabes,2024,3,13.700989928577819,7.787744150774507,2.3600170437784755
Gabes,2024,4,22.88340339971519,11.291617866751764,5.849315517486264
Gabes,2024,5,10.274973928442533,5.290136067741647,4.469588873471796
Gabes,2024,6,2.364153048494159,1.3540896374608644,2.047973866206339
Gabes,2024,7,0.0,0.0,0.0
Gabes,2024,8,1.8875118549930747,1.1555651830124427,3.4716865692840537
Gabes,2024,9,20.044731713439628,8.419514375085198,5.301456369019656
Gabes,2024,10,22.389786329906865,12.14705700691417,4.18688066077418
Gabes,2024,11,11.854435884495008,7.667471408833575,1.894044510483017
Gabes,2024,12,14.4052781022132,6.066932689607117,2.517628292672269
Gafsa,2002,1,5.8686712870295965,5.422598675344632,1.0643315286183823
Gafsa,2002,2,6.016436487060644,4.518150958344569,1.783168285237148
Gafsa,2002,3,8.268738622633093,4.006483151281146,2.9538148979396457
Gafsa,2002,4,7.237266225413266,6.004250571891403,1.4500015955240226
Gafsa,2002,5,21.00094368894737,11.886091318559885,3.7718294278450832
Gafsa,2002,6,6.503411032578917,2.9492799938768006,3.018284705306713
Gafsa,2002,7,2.467638456682742,1.9749977629001163,1.0885196728112065
Gafsa,2002,8,6.694389773492268,2.9056533982259904,3.2707497899226685
Gafsa,2002,9,11.9615616165373,9.187928123213315,1.6402412432323181
Gafsa,2002,10,10.821566432940482,6.5814569832351415,2.1332794400774366
Gafsa,2002,11,27.417818316064096,12.35901148207432,3.245540510354949
Gafsa,2002,12,13.911203437580324,7.661118937032197,3.3453777669045754
Gafsa,2003,1,29.746082507489856,15.140121271925416,3.7209534851563086
Gafsa,2003,2,10.013813045034563,5.318772662338081,3.2211502664525113
Gafsa,2003,3,16.0273982669005,6.9185694198022665,3.6136598130045825
Gafsa,2003,4,33.9315402093682,15.316744654427621,3.8005914075712917
Gafsa,2003,5,15.549073250329696,9.145042001716066,4.33781498303426
Gafsa,2003,6,3.6567634011768564,2.336188311142574,1.745386276366034
Gafsa,2003,7,0.14717150724835534,0.1408065152040458,0.10259219469647812
Gafsa,2003,8,1.4363434701872992,1.262417511912968,0.5489028113133289
Gafsa,2003,9,22.623538360093004,12.02391139790927,3.0354844542776
Gafsa,2003,10,23.741671616572106,10.912874902336878,3.3498133236892773
Gafsa,2003,11,23.662319039028034,9.871878460708826,4.64719772797379
Gafsa,2003,12,24.01906138055078,11.992323001794706,3.7608628593917834
Gafsa,2004,1,10.574923823452876,5.102274002236665,3.04378117919862
Gafsa,2004,2,4.684117365911204,2.8410619553459298,2.544552349143203
Gafsa,2004,3,21.80358356607226,9.093944930211647,4.317881569570164
Gafsa,2004,4,15.122447922430036,11.856883464172446,1.8862178634869644
Gafsa,2004,5,8.963905600134396,5.625820294414848,1.8355227468541582
Gafsa,2004,6,6.640702242354224,3.652967366423305,2.2567836363056157
Gafsa,2004,7,0.7980863739459623,0.7519459986612399,0.3235297246125535
Gafsa,2004,8,6.495804929812714,2.745206839937136,3.0623211683490577
Gafsa,2004,9,14.990351623049275,8.040432048480723,2.9657068703264415
Gafsa,2004,10,8.574563864415772,5.577428136531707,1.9562932785891316
Gafsa,2004,11,27.327769049730755,11.910361651507555,3.4109963515683996
Gafsa,2004,12,14.897539298339218,4.535699843931761,4.971854956229457
Gafsa,2005,1,1.091858344092874,0.6872042530670647,0.2952464020933274
Gafsa,2005,2,3.2465077445058235,2.471559160164995,1.075553380915405
Gafsa,2005,3,9.529140460782878,4.184978435236644,3.8229393807239407
Gafsa,2005,4,11.753758999452247,6.554629811843662,3.2200865837703287
Gafsa,2005,5,7.797019895498888,3.876736112822359,3.135342984480869
Gafsa,2005,6,8.64589870024703,2.6608240773223293,4.832980545243743
Gafsa,2005,7,1.044199963705481,0.9374686282945521,0.5890993798729963
Gafsa,2005,8,3.0864307033638156,2.8360747058042124,0.8037930924446615
Gafsa,2005,9,21.41131808674144,7.332102132176036,3.809866720559923
Gafsa,2005,10,12.0729436718488,7.181486991187433,2.30815950985502
Gafsa,2005,11,20.15244491544519,9.738195323536305,3.542584536181165
Gafsa,2005,12,23.934606370471332,10.016767520683803,4.464808058459999
Gafsa,2006,1,22.473586809707047,9.86973244949149,3.4423537170391327
Gafsa,2006,2,8.983040572217027,4.462472959712709,3.013519406890534
Gafsa,2006,3,1.8962244963661907,1.6533486759078198,0.5975450203695232
Gafsa,2006,4,21.089397730364166,5.540028214846464,5.958792932892254
Gafsa,2006,5,19.028688759716747,5.417359570663235,7.0200078712518446
Gafsa,2006,6,5.739195092250073,2.478724863426674,3.5722931934945157
Gafsa,2006,7,3.2854684819756246,1.936690982597249,1.8120047227511087
Gafsa,2006,8,5.03893587910907,4.518047156817336,1.3492708455213638
Gafsa,2006,9,20.92138461992319,9.851201134944908,3.2809292331911557
Gafsa,2006,10,17.67798578128746,10.94514583046338,2.357376107559593
Gafsa,2006,11,18.944706618033294,11.055099562264278,2.583429951176964
Gafsa,2006,12,20.191701296457733,7.819507928072263,4.004095178326401
Gafsa,2007,1,6.899215609567181,5.254054913386353,1.9880973907863804
Gafsa,2007,2,12.884986238353356,7.543744441678351,4.689202557093168
Gafsa,2007,3,20.893629665435004,11.768550773061174,3.478487017752862
Gafsa,2007,4,47.998385578623775,23.172000787535417,7.75688468616042
Gafsa,2007,5,8.212113548547876,3.514401515777166,3.0581515322349033
Gafsa,2007,6,6.837244566998396,4.607870141576802,2.1185474349292126
Gafsa,2007,7,0.48781406822935247,0.39583492136179865,0.34854754129748
Gafsa,2007,8,2.088014575623385,1.849813401788459,0.6724495548487973
Gafsa,2007,9,14.370769468156645,5.430215748826821,4.148319913203493
Gafsa,2007,10,11.149018354641555,5.015822750845986,3.7519917458223864
Gafsa,2007,11,8.617709547753954,6.76350201609976,1.5247040302936832
Gafsa,2007,12,10.938538239557692,8.902581773622327,1.9892461680831377
Gafsa,2008,1,11.106917852015776,6.75316978807218,2.6209992235116415
Gafsa,2008,2,0.5138476348494642,0.4018471387211381,0.16665780264431507
Gafsa,2008,3,9.268829315669706,3.575033853635377,4.210215608479677
Gafsa,2008,4,8.432596833184261,3.6039868216744178,3.4866454639251994
Gafsa,2008,5,10.03048772739543,4.081957409852881,4.139863635880142
Gafsa,2008,6,3.2732264356118215,2.743166783118896,0.7712763128503503
Gafsa,2008,7,1.3420627711548674,1.1868862667340938,0.43755650814249075
Gafsa,2008,8,4.981290588233031,3.6862349433529054,1.4487251763054039
Gafsa,2008,9,23.228636215730358,9.67702063079991,5.187878272153849
Gafsa,2008,10,14.1786057943639,5.6088983680689815,3.867901247699785
Gafsa,2008,11,16.0273209759676,10.217792820973845,2.3217108272260205
Gafsa,2008,12,8.770780793783347,8.317879657872263,1.1685830682990646
Gafsa,2009,1,68.55950580545196,12.939164747562947,11.684532990118383
Gafsa,2009,2,3.7297796571267616,2.3299194765178677,2.196111176113942
Gafsa,2009,3,14.159131968982416,7.9428155922364025,3.7619265420739656
Gafsa,2009,4,27.49698526406185,10.68019606628808,3.920351440758191
Gafsa,2009,5,14.571513416637448,7.815440244726313,2.6483252316169033
Gafsa,2009,6,4.4976698378814195,1.7643679267183694,3.8149936710880423
Gafsa,2009,7,0.8718490445838168,0.7624176739663652,0.3523023411655834
Gafsa,2009,8,3.270443693935872,2.5479608995522405,1.2100454192505288
Gafsa,2009,9,58.29312280974805,16.54473816547732,8.047695531469053
Gafsa,2009,10,7.096525053198873,4.949104941070182,1.7610543222745791
Gafsa,2009,11,7.283982872876094,4.812409774898492,2.080584600002127
Gafsa,2009,12,7.7478250876586845,3.7170282157999956,3.275355535936519
Gafsa,2010,1,14.21191883057994,7.865074726591673,3.27076042674949
Gafsa,2010,2,5.286823574415984,2.6016129043061857,3.304096242009083
Gafsa,2010,3,8.721326559310013,3.9962507384534978,3.3284120281237692
Gafsa,2010,4,33.734800178095384,8.601372216938316,6.2480082541776145
Gafsa,2010,5,9.419982028301296,3.099236256858445,5.3225298628913
Gafsa,2010,6,6.204594523464957,3.407956763161279,2.9632497633306016
Gafsa,2010,7,1.220758957767525,1.2010104778030724,0.30181996106921377
Gafsa,2010,8,0.2943002605415914,0.20754623297063152,0.1128035484454277
Gafsa,2010,9,17.48021081015889,10.652421473330786,2.507610649591013
Gafsa,2010,10,28.872951036571003,13.00517260904152,4.227660004467466
Gafsa,2010,11,33.35151138850132,15.953015254076481,3.884005403508025
Gafsa,2010,12,8.779489067208349,4.071874983957661,3.302351802410305
Gafsa,2011,1,6.141939741437665,4.332928419298285,1.633742142044186
Gafsa,2011,2,8.834472737953494,3.190676327458648,5.00636082243945
Gafsa,2011,3,21.674771239093776,8.670095855544337,5.046387201769967
Gafsa,2011,4,17.416441314785676,12.292321089111297,2.962473274972609
Gafsa,2011,5,12.753815384261253,6.451524637890034,2.8949719719613247
Gafsa,2011,6,3.574819211561658,2.9361886934872268,1.1831555210449616
Gafsa,2011,7,0.9131512955317241,0.7936409668861785,0.34731366938614866
Gafsa,2011,8,4.5823406192295035,2.308038192237477,2.725272036845968
Gafsa,2011,9,7.926651361439694,5.206100988642676,1.8359801304074974
Gafsa,2011,10,17.37852618764502,8.933609134073382,2.6176698967164107
Gafsa,2011,11,10.21185128407796,6.416979608814426,2.1158244072628247
Gafsa,2011,12,5.927879122526091,3.8457498853621237,2.1698382138640393
Gafsa,2012,1,15.631030911101503,10.630549152088156,2.739238190463021
Gafsa,2012,2,6.996461651814241,3.945685573321254,1.8133343261038373
Gafsa,2012,3,28.004509079996552,7.774926939139747,8.708476487294305
Gafsa,2012,4,19.365110631827246,11.238148705779487,3.201695510195397
Gafsa,2012,5,9.125132794684529,5.074641377195017,3.1126652696967434
Gafsa,2012,6,2.597367070619174,2.14189003080698,1.0079137991554354
Gafsa,2012,7,0.09423481851957874,0.08221852229136106,0.048408198866114235
Gafsa,2012,8,3.6103087295672034,3.401079905783392,0.9230744684245795
Gafsa,2012,9,17.08013667326302,11.746934173079575,2.204418537861785
Gafsa,2012,10,12.330059458572949,4.075559803669179,4.92897790731069
Gafsa,2012,11,12.44236230506146,6.778935479418873,2.8640081690829984
Gafsa,2012,12,2.8590031607389186,2.583775863360332,0.7531724335996084
Gafsa,2013,1,8.971592584998929,5.247359910679328,2.1534255900779677
Gafsa,2013,2,4.396491620196491,2.534747068741214,2.475444885281823
Gafsa,2013,3,11.327477643148692,4.074014360353134,4.302436897024879
Gafsa,2013,4,18.22009951115572,9.824770006357916,5.60636294980481
Gafsa,2013,5,9.054040596786361,3.8006483030929394,3.6210736812993933
Gafsa,2013,6,4.591921343393762,3.1222969966070027,1.8461489368491597
Gafsa,2013,7,2.522895468583839,2.347176691550222,0.4962717921989511
Gafsa,2013,8,6.250124341033079,4.029331791022155,2.139076510695329
Gafsa,2013,9,40.40247592475072,23.868121996001246,2.858381287694255
Gafsa,2013,10,16.37543433935079,8.564381718654575,2.5926201695510183
Gafsa,2013,11,19.22145383856619,11.819590383398001,3.0362396689819477
Gafsa,2013,12,17.013593341775007,5.840101430098417,4.685628583281034
Gafsa,2014,1,9.302943747015172,4.145313399320113,3.377192515928648
Gafsa,2014,2,8.448036666281014,6.1322474124899164,1.9049174050397284
Gafsa,2014,3,18.47041936246903,8.533914880582238,4.829619307968045
Gafsa,2014,4,11.517569780198201,4.088354555129416,5.556540052971399
Gafsa,2014,5,10.94703434996082,4.484173386006139,4.029410826162337
Gafsa,2014,6,7.71250303291913,4.0037789574360545,3.214576707476624
Gafsa,2014,7,0.3770979435421839,0.21823653990258715,0.12960973482390728
Gafsa,2014,8,2.2841388458772616,1.950874029490059,0.6486017891142712
Gafsa,2014,9,11.500476611074177,6.454829768966736,2.6259347111569684
Gafsa,2014,10,16.570876147614065,7.455399294262086,2.918415538276621
Gafsa,2014,11,22.98893816357384,14.71354455302611,3.283333156052884
Gafsa,2014,12,6.45182530643212,4.336324887238515,1.6285939178624227
Gafsa,2015,1,8.00843635037025,4.826650276235358,2.2187569804176017
Gafsa,2015,2,15.341112459006926,6.560678409949085,3.7894440130620217
Gafsa,2015,3,16.84032821156248,9.740900944046992,3.0193058406816076
Gafsa,2015,4,5.941654331609576,3.298967845624052,2.2251284396838735
Gafsa,2015,5,7.25374594491412,5.490275471226175,1.723697786476339
Gafsa,2015,6,7.2479867086382,3.201380932923117,3.1026560156574066
Gafsa,2015,7,0.05380226348401072,0.029138875735719903,0.02025251826875006
Gafsa,2015,8,19.624965308935877,6.163825248371717,6.698201312584426
Gafsa,2015,9,19.731824998084615,12.704101759771701,2.350026060225713
Gafsa,2015,10,13.794754947021046,6.709915516088981,3.2101305138651037
Gafsa,2015,11,11.015386745562068,8.19828471773989,1.6871602863433777
Gafsa,2015,12,4.558541384282999,3.380165528140577,1.4282599215002174
Gafsa,2016,1,6.958311797542585,5.254298130502957,1.56822992564858
Gafsa,2016,2,5.860911377865353,2.294812671773383,3.7707976556433667
Gafsa,2016,3,9.47821343376158,6.551512364334995,2.1292906300192525
Gafsa,2016,4,21.836972297872403,8.01401629011285,4.875421484262814
Gafsa,2016,5,21.868828333187622,8.229767170338674,3.977269101081765
Gafsa,2016,6,3.798517905606252,2.540116311783255,1.4630636188612212
Gafsa,2016,7,0.12072642530083379,0.12072642530083379,0.05537532043440799
Gafsa,2016,8,2.218627430854197,1.8987666117013036,0.7103060215076634
Gafsa,2016,9,27.951240420786565,14.637281423436049,2.995777179751737
Gafsa,2016,10,10.790948541238727,7.3516031577031695,1.769999893631731
Gafsa,2016,11,14.006961428567394,9.183088710342991,2.2578473189877992
Gafsa,2016,12,30.151242410019943,18.403148361981586,3.126854796677055
Gafsa,2017,1,1.76354180803077,1.052083439773354,0.5451905587525129
Gafsa,2017,2,9.9874605182192,4.812459531785498,3.132662504121771
Gafsa,2017,3,8.7326793134908,4.962418086213321,2.135491900056375
Gafsa,2017,4,20.383822562027557,8.304401917766112,4.908938125578378
Gafsa,2017,5,12.910524336657879,4.5751043826773685,4.6254454171231645
Gafsa,2017,6,5.540958791025587,3.602550657770117,2.1839532830565984
Gafsa,2017,7,1.6802546171331172,1.602538559432518,0.5086317849659087
Gafsa,2017,8,1.100126541488994,0.7116463803614033,0.32680586727367494
Gafsa,2017,9,11.180747512224695,6.916652599543602,2.174263133821918
Gafsa,2017,10,26.474214094661747,21.877148252234804,1.586886919894057
Gafsa,2017,11,26.751970156210184,12.769066779044639,2.840639060555456
Gafsa,2017,12,7.768853004106822,5.70570146240055,1.6526863306138508
Gafsa,2018,1,6.675154268160858,4.484349012445885,1.8276408581791879
Gafsa,2018,2,13.174902380332552,8.75129171795502,1.9387318775063016
Gafsa,2018,3,10.432482416471949,5.382494527595468,3.338963760331017
Gafsa,2018,4,16.281770828547824,7.312056644881936,3.939221171540104
Gafsa,2018,5,15.506618630416533,6.157780287452504,3.3909352961824415
Gafsa,2018,6,6.753611133377006,3.1308413479529573,3.3945943646091488
Gafsa,2018,7,1.2438308726087373,1.135826321223387,0.536191803261251
Gafsa,2018,8,11.37910682194497,3.4366840009426185,6.310637890504504
Gafsa,2018,9,21.33280200785448,8.835328440132466,4.179124163679492
Gafsa,2018,10,26.80438578672283,11.137595495590789,3.5164392158531252
Gafsa,2018,11,27.707146413207337,15.533531061874875,3.340750747237084
Gafsa,2018,12,4.763232904720142,3.4005393570946647,1.659525810260283
Gafsa,2019,1,13.158973404999104,7.905787042592922,2.092221288545201
Gafsa,2019,2,7.460226325534351,3.811423036075609,3.202727282397113
Gafsa,2019,3,19.19674446221462,7.905682518932273,3.8867816153085197
Gafsa,2019,4,15.39073844700473,10.00509867379502,3.0837224639145635
Gafsa,2019,5,17.057459374915744,8.907934797322042,3.89390828927914
Gafsa,2019,6,2.552776447121506,2.040066755046965,1.326476125642198
Gafsa,2019,7,0.8838762778848996,0.8727165275184676,0.2933955942263303
Gafsa,2019,8,7.9087171387029755,6.223919860321014,1.3775967153478772
Gafsa,2019,9,26.444124026130282,10.7176653282763,4.389552508695604
Gafsa,2019,10,15.69969039274652,9.092164817322042,2.554859434333549
Gafsa,2019,11,28.43692834028044,10.053848658208253,5.330996777041473
Gafsa,2019,12,8.50214124117135,3.1391590982756377,3.5636454532883755
Gafsa,2020,1,7.375669978511547,3.973151228399558,1.9573037771372048
Gafsa,2020,2,4.079998985766453,3.8591104791386344,1.1780179336900214
Gafsa,2020,3,24.030739378956024,12.561387277116856,3.418069841404912
Gafsa,2020,4,15.238553966552317,6.219193853610272,4.262038228755598
Gafsa,2020,5,10.994807815787434,4.200229915292336,5.478316828523716
Gafsa,2020,6,8.242371513578224,4.4539559080225315,5.559720464191122
Gafsa,2020,7,2.298533234387587,1.7876115035359663,1.1162073330284108
Gafsa,2020,8,1.1684740712607844,0.8196726321924273,0.4486826289981172
Gafsa,2020,9,25.135753845120586,12.915870789287707,3.395307032006211
Gafsa,2020,10,8.08284412027192,5.1649625153308385,1.773361130907428
Gafsa,2020,11,14.095782146152777,10.375714650577672,1.8012934381415329
Gafsa,2020,12,8.322443629648784,4.791321943385037,2.2579111399487313
Gafsa,2021,1,5.406264784915238,3.4583843081459507,1.6786614617127416
Gafsa,2021,2,6.455172536288827,2.2996451938977645,4.762426472934592
Gafsa,2021,3,6.79329867272783,4.227061435732569,2.055726335719528
Gafsa,2021,4,12.591111566305742,5.559077646648816,3.632933743205726
Gafsa,2021,5,10.469534066702499,2.9803863262463963,5.287885717932629
Gafsa,2021,6,5.442880528962922,1.8291466630845559,4.723899886185952
Gafsa,2021,7,0.0,0.0,0.0
Gafsa,2021,8,4.360653597193247,3.1085868689940153,0.9964260261878674
Gafsa,2021,9,11.139592074785403,9.291688619104738,1.4691797942837699
Gafsa,2021,10,7.317318191182204,4.956356643850604,1.3442396264346421
Gafsa,2021,11,14.191845894878078,10.816784268136221,1.709614627764244
Gafsa,2021,12,1.3154110239266052,0.8567581203373311,0.4149107038388306
Gafsa,2022,1,7.775329043070843,6.566712276901567,1.2529543786497608
Gafsa,2022,2,6.158289387385795,3.3222102288059214,2.282822588365439
Gafsa,2022,3,25.253825333813456,11.218396994859456,3.9980747343452476
Gafsa,2022,4,14.419208425957116,4.942273535516491,5.907597885398833
Gafsa,2022,5,10.38363851449216,5.329069198665894,2.6778317892206385
Gafsa,2022,6,5.137807036570025,2.993972027794915,3.7196557922840454
Gafsa,2022,7,1.1924438536285697,1.159308022547045,0.4000829672492102
Gafsa,2022,8,5.562465928411954,3.456925793467984,1.641836767255592
Gafsa,2022,9,22.2673203583394,8.783616394063538,3.765138863774159
Gafsa,2022,10,6.696213201188432,5.95650037792466,1.2880452703349536
Gafsa,2022,11,7.2808398778110135,6.0587762088312935,1.659791730930829
Gafsa,2022,12,8.036208298157055,4.625889244493265,2.556827247295587
Gafsa,2023,1,0.6549647878735994,0.3530264689901968,0.1876229883101273
Gafsa,2023,2,6.89768526940419,5.1604567443937865,1.9667811898354468
Gafsa,2023,3,6.526151844421687,4.8901116469618175,2.109357216555157
Gafsa,2023,4,11.309678882072303,8.474532526402378,2.006211906863944
Gafsa,2023,5,31.557651474735703,9.181260033653405,6.007339410507053
Gafsa,2023,6,9.053529226386729,5.291209469912967,1.9739610479401775
Gafsa,2023,7,2.137300667195018,1.7787916941584838,0.9150117536936379
Gafsa,2023,8,6.228037534183277,5.297311414637656,1.5117802857051683
Gafsa,2023,9,8.311756058960754,6.089875422183616,1.7023709486985836
Gafsa,2023,10,7.337548423021114,4.404230024094553,2.034718602746429
Gafsa,2023,11,13.20474377368187,8.274147200353378,2.433801708274389
Gafsa,2023,12,13.944452815902272,6.211064375727681,3.7132205120568416
Gafsa,2024,1,4.9145628069392835,3.4040568265962285,1.5160775637411843
Gafsa,2024,2,6.8060389358523015,1.8948517951013502,5.841713380064456
Gafsa,2024,3,8.867559225207508,6.459363814135096,2.0955612521672524
Gafsa,2024,4,21.2293377693409,12.040679131182312,6.631689234467573
Gafsa,2024,5,15.22962097661158,7.918852480809067,5.017199748970889
Gafsa,2024,6,3.9397741554285477,2.2842925221053467,2.5675278950783404
Gafsa,2024,7,0.0,0.0,0.0
Gafsa,2024,8,6.24442823537253,4.265089280473722,4.096858945039515
Gafsa,2024,9,28.090693669056247,11.465830238668884,4.882250327082426
Gafsa,2024,10,19.265060969435865,10.518097585048938,4.872889919479221
Gafsa,2024,11,12.376381182421289,11.606480727636947,1.261814855392339
Gafsa,2024,12,3.0963027627117645,3.0795370604803147,0.657121887398551
Kebili,2002,1,4.553049282633883,3.748084962658282,1.2308438726559094
Kebili,2002,2,3.7730489006046883,3.38820834132941,1.298651693560111
Kebili,2002,3,7.480493375336128,4.372187229818537,2.338344962930662
Kebili,2002,4,4.949323474434239,3.855258922938055,1.419581334496294
Kebili,2002,5,7.183600067211151,4.485827445512965,2.5795718854484684
Kebili,2002,6,3.153449184025126,1.8206625013599107,1.890409216455881
Kebili,2002,7,0.03223675296666369,0.03184862599688402,0.04684910597470569
Kebili,2002,8,1.7853237334821888,1.482002859914207,1.1798553568832686
Kebili,2002,9,5.986051710816016,5.025816175729788,1.3765445558947529
Kebili,2002,10,10.514214470158985,6.93925006389099,2.0788813781072855
Kebili,2002,11,16.204762434247634,12.405859861323313,1.7195595290013093
Kebili,2002,12,3.230616842525694,2.440581360952787,0.9597179822648646
Kebili,2003,1,11.343430470560328,6.816306314374466,2.150904928041869
Kebili,2003,2,5.847656294976916,2.8348107466782313,2.974040558220673
Kebili,2003,3,11.653809535608463,8.510614881484841,2.151548190143918
Kebili,2003,4,13.035355634989322,7.235673625648749,2.3722488733827616
Kebili,2003,5,6.095198720016986,2.9271092954713844,4.688352231428987
Kebili,2003,6,0.17936395944412564,0.17235776760633972,0.10898749818287554
Kebili,2003,7,0.0,0.0,0.0
Kebili,2003,8,0.04759742438258141,0.04759742438258141,0.06894534089257168
Kebili,2003,9,11.39548123105333,7.782956054213622,1.9391008867567983
Kebili,2003,10,16.982195196694043,6.6668016541635025,4.223695304550083
Kebili,2003,11,17.251464651643744,9.043729368398536,3.0538995493531074
Kebili,2003,12,16.910616316459098,8.514053767543503,3.6035870039249933
Kebili,2004,1,8.154834242558907,5.104008857010586,2.149796482046811
Kebili,2004,2,3.969452804672075,2.074556176177048,3.008329699084171
Kebili,2004,3,23.4846958762909,8.353041634114797,4.2813199592964155
Kebili,2004,4,10.193062474883304,6.4554200659225955,2.541343218491063
Kebili,2004,5,0.6499355303030725,0.5655333100991261,0.24070722488733862
Kebili,2004,6,1.4120209784488933,1.072075385257748,0.9571340311091736
Kebili,2004,7,0.005071794709561961,0.005071794709561961,0.007700973978775992
Kebili,2004,8,0.805312908784494,0.7847762926688409,0.5549898241023412
Kebili,2004,9,4.393550256778902,3.2681025478317953,1.0262211077191465
Kebili,2004,10,7.427483622700541,5.127532228227448,1.9038886466056135
Kebili,2004,11,20.86295482329956,11.230279386691675,2.7167066434074765
Kebili,2004,12,11.68842767805365,4.260578587469731,4.270151911615064
Kebili,2005,1,2.4995062236356413,1.5499246888264528,0.7347579590056696
Kebili,2005,2,1.05028298671751,0.8287379387216465,0.47936109899694757
Kebili,2005,3,9.726777795886674,4.109590328044721,4.150454281145517
Kebili,2005,4,5.9428444240398814,4.35583716140166,1.7152129670010183
Kebili,2005,5,3.5456390438826983,1.896693410108883,2.9490296554731827
Kebili,2005,6,3.966547540172931,1.58681142645945,3.86863279546446
Kebili,2005,7,0.03858738471881839,0.03858738471881839,0.10908198866114273
Kebili,2005,8,0.5054724704224564,0.49225242750873305,0.30977613025149037
Kebili,2005,9,11.286551203387562,6.346596218868914,2.5442506178223594
Kebili,2005,10,5.891346371560961,4.066341551254094,1.2982373891554013
Kebili,2005,11,20.211628930570054,9.337584108174907,4.004382904491936
Kebili,2005,12,11.318095334258624,6.7169365561880205,2.5132359354557368
Kebili,2006,1,12.25609783663868,6.430441774569349,2.751802587585409
Kebili,2006,2,5.447180493907026,3.1177680193643056,2.7278601540921654
Kebili,2006,3,3.5932275423448976,2.7215404637709253,1.1373964238988234
Kebili,2006,4,8.196489232321392,2.581136243802846,4.487905218781804
Kebili,2006,5,8.909831623065111,2.8129402150840432,5.7570940543683715
Kebili,2006,6,2.1725467072570206,1.6523663145271363,1.7226522750399775
Kebili,2006,7,0.07547637359155907,0.0645262192178755,0.13814871347579608
Kebili,2006,8,1.6989839556718382,1.6610475181940838,1.0104884430876586
Kebili,2006,9,10.690461543332596,5.766953974775511,2.4924080534961486
Kebili,2006,10,17.068044344991186,7.944317245369032,2.956868730920195
Kebili,2006,11,21.13923504491868,13.59045907943242,2.5777438581189136
Kebili,2006,12,13.608872157924495,5.439188180527455,3.775505160633815
Kebili,2007,1,2.52589821257721,2.2251471134613463,0.7942796918156714
Kebili,2007,2,8.417883647762572,6.039659484762548,3.4021224015118494
Kebili,2007,3,17.81591594389991,11.95915658505683,2.2383158889373473
Kebili,2007,4,20.852579077136767,11.090965103746116,6.7977503997674145
Kebili,2007,5,3.3637841304741167,1.8769651422711693,2.4944286960314033
Kebili,2007,6,1.2477522024283993,1.2063509719199643,0.5996801860735577
Kebili,2007,7,0.0,0.0,0.0
Kebili,2007,8,0.17666483348231984,0.16203324905049596,0.2233791248728015
Kebili,2007,9,4.616276118091496,2.87487422873512,1.7017517080971085
Kebili,2007,10,8.92203814442452,5.856822394419682,2.051882541067018
Kebili,2007,11,10.235815063764036,5.37946089844594,2.715412850705046
Kebili,2007,12,9.654087942308175,7.1020806692699905,1.9041285070504437
Kebili,2008,1,7.107017181598191,4.587826796581989,1.8767117313563022
Kebili,2008,2,0.588226454426276,0.530098391896858,0.3724887338275916
Kebili,2008,3,9.080572957954828,3.130011803306441,4.365481901439164
Kebili,2008,4,4.850363170677243,2.5397795210121727,2.5944650385230443
Kebili,2008,5,3.9621545743508606,1.7446943761313256,3.4992404419247016
Kebili,2008,6,0.43454668144640674,0.42581042149616666,0.35752653001889856
Kebili,2008,7,0.0,0.0,0.0
Kebili,2008,8,0.572503862844523,0.5473514704172103,0.37389518825410717
Kebili,2008,9,8.22653085763105,4.8017512528656665,2.7025185346707405
Kebili,2008,10,10.138406009563024,5.441271785096151,3.0834678005524094
Kebili,2008,11,22.157539805917086,14.839068519234731,2.2294628579735445
Kebili,2008,12,6.616146147863302,4.988554233894883,1.6244148858845766
Kebili,2009,1,31.99976017238217,7.247544554398849,8.49322575955809
Kebili,2009,2,1.9062704701909703,1.6095571482808355,1.094530455007996
Kebili,2009,3,15.985050781535861,11.15957002288157,2.8175098124727462
Kebili,2009,4,9.130859674896335,6.547219899575339,1.7606120075592395
Kebili,2009,5,5.363062649829688,2.8375014301367303,2.718879924407621
Kebili,2009,6,2.256189586463189,1.2009820618066287,2.7794446867277234
Kebili,2009,7,0.007602778276056312,0.007602778276056312,0.02836531472597764
Kebili,2009,8,0.2374459680674002,0.2233097842600844,0.17189998546300356
Kebili,2009,9,19.857164626592294,9.44997802531414,3.4911905800261693
Kebili,2009,10,5.054570006242,4.273824452339677,1.2355756650675973
Kebili,2009,11,11.117174178187527,6.778254146002507,2.2714784125599685
Kebili,2009,12,5.39561409903381,2.642037151581692,3.1252980084314617
Kebili,2010,1,8.318993736549666,4.488029762265522,2.73861753161797
Kebili,2010,2,3.019136019315821,1.501666353451803,2.6422881232737327
Kebili,2010,3,8.78338988321841,4.420246265899449,4.1441706643407485
Kebili,2010,4,13.873582126540303,5.765719120374065,3.9958097107137687
Kebili,2010,5,4.124158390858576,1.5976536366891994,4.446194941125168
Kebili,2010,6,3.1342672727807437,1.8743507558956758,2.9453299898241045
Kebili,2010,7,0.0,0.0,0.0
Kebili,2010,8,0.026209836744225872,0.026209836744225872,0.028863206861462452
Kebili,2010,9,8.114270204433677,6.145823609320336,1.628132722779475
Kebili,2010,10,22.770959193392162,8.93617933192544,5.209467219072544
Kebili,2010,11,23.655971093448564,13.566770704767539,3.1670591655763958
Kebili,2010,12,8.304934882225327,4.3888055289167776,3.0920046518389337
Kebili,2011,1,4.289583755642298,2.73625123731176,1.177329553714204
Kebili,2011,2,6.065830615817907,2.374015661651686,3.9406490769007174
Kebili,2011,3,16.895158467657023,6.303690904147548,4.631240005814801
Kebili,2011,4,8.559425710735852,5.307134592818624,2.7169937490914404
Kebili,2011,5,4.161547835130394,2.34060252063634,2.309387265590931
Kebili,2011,6,1.395699068450109,1.2310626304494923,0.9464166303241758
Kebili,2011,7,0.014942295981731121,0.014942295981731121,0.03428914086349764
Kebili,2011,8,0.49558755247216735,0.44597313017235823,0.4045864224451234
Kebili,2011,9,2.236928009635959,1.2733567177972103,0.7222924843727294
Kebili,2011,10,21.274929435847742,10.567146011007313,2.875425207152206
Kebili,2011,11,7.97419076271509,5.621683238663121,1.759859717982266
Kebili,2011,12,4.78353954150154,2.8478435894648535,1.8960023259194665
Kebili,2012,1,8.963057397291676,7.5680585407278524,1.63498691670301
Kebili,2012,2,2.3231820569804897,1.6512538460832413,0.6782599215002187
Kebili,2012,3,29.87078749788866,11.177780108320837,6.811738624800124
Kebili,2012,4,9.85665624911089,5.316834399943733,3.6732628288995532
Kebili,2012,5,2.9100814912951827,2.010717288328562,1.8505669428696037
Kebili,2012,6,1.3235930862428638,1.1035464608618604,1.0534852449483942
Kebili,2012,7,0.0,0.0,0.0
Kebili,2012,8,0.0,0.0,0.0
Kebili,2012,9,6.331146527700939,4.5119685134883944,1.4021551097543257
Kebili,2012,10,12.720982702058356,3.6271057452850015,5.535655618549215
Kebili,2012,11,11.258978899319763,5.1843119443858,3.3047717691524956
Kebili,2012,12,1.5502684864706622,1.3143194339314894,0.5255342346271269
Kebili,2013,1,5.553662541745228,3.4008645150304178,2.2987316470417234
Kebili,2013,2,1.5074829154109408,1.109131873126725,1.289973106556187
Kebili,2013,3,9.44025606290244,3.3815343871186325,4.826199302224165
Kebili,2013,4,10.180273348287786,4.11636147608997,4.538319523186511
Kebili,2013,5,4.965188484990292,1.5989150929856506,5.327191452245976
Kebili,2013,6,1.8586192389174694,1.5244793432963342,1.2242113679313862
Kebili,2013,7,0.009427841678039397,0.009427841678039397,0.012992440761738638
Kebili,2013,8,1.8690384915530454,1.6981238386308788,0.938137810728304
Kebili,2013,9,17.012777099064454,8.749345940871383,2.681461695013813
Kebili,2013,10,7.0069901915546895,4.6641858356491905,1.7329008576828038
Kebili,2013,11,18.247890509262565,8.767231908129112,3.287490914377093
Kebili,2013,12,9.2797607252261,5.635240284566762,2.358987498182879
Kebili,2014,1,5.62453035931352,2.6679344400867517,2.8298081116441374
Kebili,2014,2,4.597946973330466,3.9661696922347898,1.2523913359499939
Kebili,2014,3,13.609053250624795,5.719365978849235,4.287072975723216
Kebili,2014,4,6.068628691943529,2.4673204832354148,3.841466782962644
Kebili,2014,5,4.857002455325644,1.8517256457569284,4.573062945195528
Kebili,2014,6,2.9605744339401445,1.636183125900897,2.4114406163686617
Kebili,2014,7,0.11020875642096997,0.11020875642096997,0.3506650675970348
Kebili,2014,8,0.0,0.0,0.0
Kebili,2014,9,5.03410179474588,3.664497575756947,1.2943305713039697
Kebili,2014,10,10.557934845771705,7.746002544898741,2.0199120511702295
Kebili,2014,11,14.204630300901524,8.115336652482432,3.032243058584099
Kebili,2014,12,5.801256856495591,3.9628486385121438,1.4127998255560406
Kebili,2015,1,5.913125214953514,3.69676942531302,2.0933238842855073
Kebili,2015,2,6.764438403428283,4.504650708642066,1.8747456025585123
Kebili,2015,3,11.495056102612134,7.147215681163398,2.6561818578281744
Kebili,2015,4,1.9493993568290888,1.7391087626250696,0.7170918738188693
Kebili,2015,5,2.580577775975278,2.106600729591724,1.2547390609100162
Kebili,2015,6,1.5435984395505065,1.457431044360874,0.8138428550661438
Kebili,2015,7,0.0,0.0,0.0
Kebili,2015,8,3.0074948473301615,1.7374235200607309,2.396729175752292
Kebili,2015,9,11.856769283035511,7.330210943214857,2.3852958278819614
Kebili,2015,10,12.042134851577842,5.641790560149994,3.2564798662596335
Kebili,2015,11,8.492783982497464,5.265110981668014,1.6032017735135928
Kebili,2015,12,3.486091371789971,3.014042697279138,1.0472924843727291
Kebili,2016,1,3.4358670405925524,2.4121846513829475,1.0027220526239287
Kebili,2016,2,3.8867529722855414,2.2152208895733536,2.8084314580607668
Kebili,2016,3,4.313146143492739,2.646362785500471,1.4332533798517235
Kebili,2016,4,9.843426673863378,4.548059907562946,3.9118621892716963
Kebili,2016,5,8.676955426034548,3.1371028059806814,4.711691379560983
Kebili,2016,6,0.6999232906477784,0.6305286543007591,0.5333587730774828
Kebili,2016,7,9.131786429872527e-05,9.131786429872527e-05,0.000824974560255852
Kebili,2016,8,0.0,0.0,0.0
Kebili,2016,9,11.69164363928363,8.266186193818362,1.8410561128070952
Kebili,2016,10,5.4898060771858095,4.223836958739357,1.3802878325337986
Kebili,2016,11,15.054978135409911,7.781916537931589,3.2399440325628754
Kebili,2016,12,17.605295343571463,10.06777114156531,2.7233754906236394
Kebili,2017,1,2.7273299071188863,1.7508723658294711,0.8424952754760873
Kebili,2017,2,4.695287660683947,3.1828405236133013,1.8356701555458659
Kebili,2017,3,9.469580332344806,6.53027308792947,1.9830971071376655
Kebili,2017,4,15.095211520757607,6.813665618993881,4.6018643698212
Kebili,2017,5,5.10817184715273,1.9409395141938377,4.450261665939819
Kebili,2017,6,1.5822338864170455,1.1467313256460776,1.3817051897078079
Kebili,2017,7,0.0,0.0,0.0
Kebili,2017,8,0.0022628491462524753,0.0022628491462524753,0.005560401221107725
Kebili,2017,9,6.060402073607295,4.677480317148594,1.4728594272423325
Kebili,2017,10,16.88540377800793,13.023627103166143,1.655829335659253
Kebili,2017,11,37.60503146838125,19.74072749435358,2.36620148277366
Kebili,2017,12,8.447066945128936,5.120248059917376,1.8928514318941716
Kebili,2018,1,3.6637660042175,2.5793616198010905,1.244970199156855
Kebili,2018,2,11.836854798829817,5.982079925694293,3.5875454281145536
Kebili,2018,3,9.648981578711352,6.893956504918794,2.1822794010757396
Kebili,2018,4,7.352743968732155,3.324706648991354,3.763126907980816
Kebili,2018,5,5.061895790275802,2.842459391867863,2.3232410234045653
Kebili,2018,6,3.038092090229697,1.9990428141148104,2.6249164122692275
Kebili,2018,7,0.026875840452043328,0.026875840452043328,0.05368512865242048
Kebili,2018,8,1.4781577525795244,0.9273826665534599,2.0613025149004227
Kebili,2018,9,7.606293716980364,5.018427137188107,1.5291939235353984
Kebili,2018,10,17.134353228148637,7.75173819388376,3.596834568978054
Kebili,2018,11,21.684754756064876,13.999715226426837,2.699970926006689
Kebili,2018,12,2.769345023912769,1.833204772827551,2.0752834714348034
Kebili,2019,1,6.80679941144075,4.784898559133284,1.391106992295393
Kebili,2019,2,4.942630265106074,2.5022608356440172,3.0053278092746063
Kebili,2019,3,14.002599033377596,4.607682963547664,4.355342346271263
Kebili,2019,4,9.899815642214651,7.47656581419502,3.99827736589621
Kebili,2019,5,7.177631985988065,2.8136777812107363,4.039344381450793
Kebili,2019,6,1.5288628414261596,1.0011354456146508,2.518956243640066
Kebili,2019,7,0.0,0.0,0.0
Kebili,2019,8,0.13625411490014466,0.12758829628079085,0.07364805931094648
Kebili,2019,9,10.772935611925039,6.563911367236909,2.2754579153946795
Kebili,2019,10,11.812526018695971,7.651785544541405,1.9403001889809577
Kebili,2019,11,17.97751976365422,8.492411065650971,3.9798771623782567
Kebili,2019,12,6.157305849457164,3.1381676876700064,2.5556258177060642
Kebili,2020,1,9.647109692170629,4.700376771508068,2.046656490769007
Kebili,2020,2,3.244549537538834,3.0522970909186546,1.2038232301206573
Kebili,2020,3,16.87832688190883,8.389536960364296,2.5617131850559693
Kebili,2020,4,8.171849738987476,4.358557935533684,3.0808002616659427
Kebili,2020,5,4.067111456819253,1.716786894002296,3.9440543683674996
Kebili,2020,6,3.075901730439458,1.4174384086130596,4.701271987207444
Kebili,2020,7,0.0935054229851818,0.07732822160419893,0.21927969181567117
Kebili,2020,8,0.0,0.0,0.0
Kebili,2020,9,12.236899474740895,6.926538206234656,2.727511266172411
Kebili,2020,10,5.984951297941554,4.135534745364462,2.0003597906672494
Kebili,2020,11,16.036290456543306,10.594185963858367,2.1886429713621176
Kebili,2020,12,6.922818562017146,4.096331263754347,1.9725577845617108
Kebili,2021,1,3.4604504607926567,2.5374319876937776,1.139529728158163
Kebili,2021,2,5.9762392420589965,1.9505801801171891,6.007333914813205
Kebili,2021,3,6.325307650875605,4.1747902513746125,1.8038668411106278
Kebili,2021,4,5.594943710468876,3.196423874945991,2.694635848233757
Kebili,2021,5,4.562379422422324,1.4656378833732748,4.787454571885453
Kebili,2021,6,2.4692721165785168,1.4151511213967898,2.407283035324905
Kebili,2021,7,0.0,0.0,0.0
Kebili,2021,8,0.0,0.0,0.0
Kebili,2021,9,2.6667451822193673,1.4856201411281373,0.7881341764791402
Kebili,2021,10,3.9675676046649624,2.482459071913265,1.1861098996947235
Kebili,2021,11,13.921943029902131,9.463023858872567,2.01951591801134
Kebili,2021,12,0.7972038235753104,0.5166207131825319,0.2844199738334063
Kebili,2022,1,3.7349194054925774,1.997386323707728,0.985579299316762
Kebili,2022,2,3.232421166117802,2.515637939218995,1.5737570867858708
Kebili,2022,3,14.989240511525981,7.335196300174358,3.0437381886902184
Kebili,2022,4,6.3644247700488075,2.814851045505414,3.5337621747347034
Kebili,2022,5,4.223287609430432,2.6745240111459094,1.7975069050734138
Kebili,2022,6,1.5089676124293074,0.988007171396376,2.5181385375781384
Kebili,2022,7,0.0,0.0,0.0
Kebili,2022,8,0.2227091476680809,0.2227091476680809,0.1290739933129817
Kebili,2022,9,8.070393530281216,5.399300765772001,1.7283398749818297
Kebili,2022,10,2.378409279327719,1.9305046619696078,0.6976995202791109
Kebili,2022,11,5.907758970979323,3.97614540420641,1.525327082424772
Kebili,2022,12,6.66455786245532,5.3340525485385735,1.5935637447303395
Kebili,2023,1,2.225422405809717,1.182546788856967,0.6655763919174303
Kebili,2023,2,6.7139895933128315,4.743438177215176,1.8727176915249324
Kebili,2023,3,8.91320537581981,4.705129585692077,2.530723942433493
Kebili,2023,4,6.655843006362646,6.338574953244034,1.264940398313709
Kebili,2023,5,10.620078656929026,5.044898428260934,3.1144425061782273
Kebili,2023,6,2.6208447609892325,1.5406867400236328,0.8831625236226207
Kebili,2023,7,0.012070112464767272,0.011979930707731309,0.016721180404128524
Kebili,2023,8,2.5673329853419338,2.1677181721468024,1.3538850123564476
Kebili,2023,9,3.5796203334160146,2.3575148046354646,1.0087585404855366
Kebili,2023,10,3.3247761162002556,2.53376195910695,1.0221834568978057
Kebili,2023,11,9.02958539372065,5.435315289072289,1.910648350050881
Kebili,2023,12,12.090075895234232,6.11259989260779,3.071765518243933
Kebili,2024,1,3.973959004725419,3.1321796034846865,1.256723360953628
Kebili,2024,2,4.390777571157636,1.5055003979404862,4.91289431603431
Kebili,2024,3,7.472216724741601,4.443454287158824,2.067800552405873
Kebili,2024,4,16.11294691391276,7.823313799213243,5.813195958714933
Kebili,2024,5,6.106943581609417,3.163954266236439,3.8129124872801308
Kebili,2024,6,1.5104803101457407,0.9390493773304122,2.0305894752144216
Kebili,2024,7,0.0,0.0,0.0
Kebili,2024,8,1.8668994400362133,1.1525834141849076,3.7381123709841595
Kebili,2024,9,13.118195038888864,6.260652931580231,3.585895478994043
Kebili,2024,10,16.29223813126006,9.80776931737586,3.470191888355869
Kebili,2024,11,5.720550555741137,3.4449400901803147,1.5264864079081273
Kebili,2024,12,3.246799739321873,1.878757957642572,1.0437018461985759
Tozeur,2002,1,6.729708296567318,6.3566159315832875,1.111378205128205
Tozeur,2002,2,5.05467255479893,4.126187937548678,1.5684182411156096
Tozeur,2002,3,5.663633133116749,2.3895644616692557,3.5548245614035054
Tozeur,2002,4,3.924709533988503,3.618812854369507,0.9653199505173187
Tozeur,2002,5,11.410010947238812,6.67947577276894,2.9305414979757076
Tozeur,2002,6,5.47337579517866,2.7936593226726463,2.0868477282950963
Tozeur,2002,7,0.2124710896609516,0.18632969256377133,0.3675073099415203
Tozeur,2002,8,4.033617282838458,3.265158318308253,1.4888663967611326
Tozeur,2002,9,9.08729715066661,7.806525970089821,1.3466318038686451
Tozeur,2002,10,7.941288930858728,4.918056364459023,2.131761695906432
Tozeur,2002,11,19.176472701043465,10.30609046731829,2.725666329284748
Tozeur,2002,12,7.960211079079172,4.055757421083509,3.0602086144849294
Tozeur,2003,1,25.837498992344656,14.507357719764476,2.7516728520017986
Tozeur,2003,2,7.154047955144266,3.6643575795239474,2.780097278452539
Tozeur,2003,3,8.709987623226164,5.875877895285646,2.7844551282051273
Tozeur,2003,4,17.70392561701322,9.476216678583448,2.8064130679262242
Tozeur,2003,5,9.585611361488017,6.206889221448911,4.3080437471884805
Tozeur,2003,6,0.31727881658213974,0.3147412283036872,0.08405026990553302
Tozeur,2003,7,0.0,0.0,0.0
Tozeur,2003,8,0.051809646901425255,0.051809646901425255,0.027117071524966247
Tozeur,2003,9,19.492206492101374,7.6005618165553335,3.9582208726945534
Tozeur,2003,10,19.17136754945936,11.566924705323842,2.9701276428250107
Tozeur,2003,11,16.724775467919258,6.459180092143274,4.152848065677011
Tozeur,2003,12,19.369977299611655,9.05504215956136,3.4995782726045865
Tozeur,2004,1,11.545595708440146,7.373493973294782,1.9862516869095808
Tozeur,2004,2,5.197958395851995,2.4763257100020177,3.2059997750787206
Tozeur,2004,3,15.542694801141236,4.788020323440799,5.774671052631574
Tozeur,2004,4,12.003553818832549,10.844735528729121,1.4327204228520012
Tozeur,2004,5,2.800170747012743,2.0743250890802094,0.7551310166441741
Tozeur,2004,6,4.232497502466489,2.0523849188857466,2.701712213225368
Tozeur,2004,7,0.002051002536600792,0.002051002536600792,0.003106725146198829
Tozeur,2004,8,1.4559288449414503,1.341846532002761,0.43967892487629295
Tozeur,2004,9,9.564190318182042,5.883334533137558,2.08286943319838
Tozeur,2004,10,7.763693326589822,5.538761155814723,1.7081224696356268
Tozeur,2004,11,23.63326431834818,11.429471242376875,3.2538798920377845
Tozeur,2004,12,12.628164999155981,5.361789575623352,4.085933985605036
Tozeur,2005,1,0.6084863569367938,0.5007618981263976,0.21357681061628422
Tozeur,2005,2,2.7405618951797104,1.685775991416947,0.8216936572199728
Tozeur,2005,3,6.717727856633883,3.6181252826754275,3.4984536662168226
Tozeur,2005,4,7.918905080071118,4.541225545999838,3.1415317139001333
Tozeur,2005,5,5.623768389078369,2.951670430776599,2.8030251911830835
Tozeur,2005,6,7.288569183629699,2.5126428852864073,3.9898644849302722
Tozeur,2005,7,0.10220184227580711,0.09913682009839604,0.1836763382816013
Tozeur,2005,8,2.066175902906671,2.02451889632748,0.8881297795771478
Tozeur,2005,9,21.515990864091673,9.968335109626688,2.609466374269004
Tozeur,2005,10,4.461745248567872,3.1979540532661797,1.2615412730544306
Tozeur,2005,11,13.420901934572276,6.221978370048303,3.8120642150247397
Tozeur,2005,12,12.9875184341283,7.154260744952797,2.6442869995501566
Tozeur,2006,1,14.93242756492075,9.744673218402138,2.308043747188483
Tozeur,2006,2,6.215406958811029,3.262933288284022,2.553334457939721
Tozeur,2006,3,0.5028950600016371,0.4418185869055022,0.23355263157894715
Tozeur,2006,4,13.696430519208125,3.1980636030438885,6.158091542959964
Tozeur,2006,5,11.114220045271503,3.7358934699674595,4.443052744039584
Tozeur,2006,6,4.261108505256804,2.382128736289954,2.3961847728295083
Tozeur,2006,7,0.1435855320108919,0.1423539009432882,0.287112010796221
Tozeur,2006,8,2.6012562198310505,2.2339160730605627,1.6264338731443995
Tozeur,2006,9,19.607350952020024,6.985975701950094,4.23476158344579
Tozeur,2006,10,12.672199269683771,8.28049127644265,2.3542510121457494
Tozeur,2006,11,12.716137597281218,7.904789573247766,2.5674060953666196
Tozeur,2006,12,15.43735967941281,6.079346074427343,3.4177350427350404
Tozeur,2007,1,5.91840303082436,5.058523028209179,1.4795181061628424
Tozeur,2007,2,9.058885738742923,5.863394388179089,3.1840137201979295
Tozeur,2007,3,13.256659226974673,9.048019893105455,2.806356837606836
Tozeur,2007,4,32.46228386183719,16.771640194827132,6.6912955465587025
Tozeur,2007,5,5.241220186144829,2.916946275972475,2.3685475708502026
Tozeur,2007,6,2.776431953123075,2.6859261601563356,0.8053306342780021
Tozeur,2007,7,0.0,0.0,0.0
Tozeur,2007,8,0.8227862265351462,0.8033549432557708,0.4840165317139
Tozeur,2007,9,10.289836843971878,4.788741385583478,3.06439777327935
Tozeur,2007,10,8.234115230250517,4.7121613106941265,2.36555330634278
Tozeur,2007,11,6.843710577762269,4.5294851128663804,2.029520917678811
Tozeur,2007,12,10.291153921348968,8.915815568260514,1.6582180611785873
Tozeur,2008,1,9.58258708536178,7.128342427490958,2.100835020242913
Tozeur,2008,2,1.7114655275687098,1.1087954267943247,0.6755369995501573
Tozeur,2008,3,5.880487640131492,2.582505009907538,3.3527609086819603
Tozeur,2008,4,6.073836183742279,2.9231454477793326,2.882352114260008
Tozeur,2008,5,5.798600918915016,2.484095862356495,3.5415682636077372
Tozeur,2008,6,1.5610754827152238,1.4467450174470762,0.49973290598290593
Tozeur,2008,7,0.02517180792313676,0.02517180792313676,0.022056342780026977
Tozeur,2008,8,0.5849662429175084,0.5770359482503904,0.2514057579847052
Tozeur,2008,9,14.032910657429063,4.663054547731369,5.0654942645074215
Tozeur,2008,10,10.88141318691497,4.6569550307270635,3.8523391812865504
Tozeur,2008,11,13.357198801100692,8.182701595047142,2.7063652721547444
Tozeur,2008,12,6.373806405368414,4.4513575072244,1.7354644624381466
Tozeur,2009,1,62.71191017460403,13.300031323691389,10.977311066126848
Tozeur,2009,2,3.2935616977452495,2.2770083522272424,1.6302434772829504
Tozeur,2009,3,12.26395375945522,6.192624788109615,3.3100258659469164
Tozeur,2009,4,12.850475884823174,7.274685791026239,2.5468257984705347
Tozeur,2009,5,6.744217458741216,4.252667160365382,1.9129273504273498
Tozeur,2009,6,2.9881086713499085,1.594893165417032,2.4333811291048124
Tozeur,2009,7,0.006394139281208607,0.006394139281208607,0.009952766531713895
Tozeur,2009,8,1.7093778817528567,1.5405001453024687,0.7071524966261805
Tozeur,2009,9,34.532937367755494,11.668570328787043,5.228337269455687
Tozeur,2009,10,5.8664186049488976,5.038949473810872,1.3310981781376514
Tozeur,2009,11,6.5078669983828235,4.892373629148966,1.6751293297345924
Tozeur,2009,12,5.551133653880489,3.2462788897336465,2.242676000899685
Tozeur,2010,1,14.900999437544604,9.91284991810169,2.7165007872244704
Tozeur,2010,2,4.24231545053367,2.4289610661030827,2.7591936572199707
Tozeur,2010,3,5.954755371469988,2.486032503269515,3.4510796221322524
Tozeur,2010,4,21.480897149102507,7.300146936267626,5.028621232568599
Tozeur,2010,5,6.531847939938822,2.5907817382576606,4.6433451417004035
Tozeur,2010,6,5.831485065192926,2.685016981430361,3.6877811515969374
Tozeur,2010,7,0.0,0.0,0.0
Tozeur,2010,8,0.19311195150440028,0.19311195150440028,0.1208389563652721
Tozeur,2010,9,12.83202454323737,7.9694511513424695,2.1987882366171823
Tozeur,2010,10,21.977548501813327,7.869230365409964,5.20219017094017
Tozeur,2010,11,17.661243037508765,11.332872129591307,3.168325461088617
Tozeur,2010,12,8.914024727907504,3.1605848584858687,4.311923639226269
Tozeur,2011,1,3.0649346596755325,2.5054878958869993,0.9642515744489428
Tozeur,2011,2,5.289790222970528,2.4514376301028484,3.501644736842103
Tozeur,2011,3,14.475109676092693,4.975410602222647,4.6421361898335585
Tozeur,2011,4,13.121094565061833,8.684246670386031,2.7695540935672507
Tozeur,2011,5,6.004352862755645,3.4387797179891204,2.258251799370219
Tozeur,2011,6,1.9115706611536956,1.6240946934032665,0.7329059829059825
Tozeur,2011,7,0.022434911799997924,0.022434911799997924,0.04862516869095814
Tozeur,2011,8,2.261204162265039,1.4274732607198537,2.1337016419253247
Tozeur,2011,9,6.273849387033541,3.5562703589926774,1.6580634278002688
Tozeur,2011,10,11.081627819697184,7.315205333840719,2.067996513720197
Tozeur,2011,11,5.606964862003442,3.8738656686740405,1.3489231893837152
Tozeur,2011,12,4.508040250402596,2.831662600770343,2.00596041385515
Tozeur,2012,1,9.69470345692728,7.030296596019345,1.9903565002249195
Tozeur,2012,2,3.6369980752461384,1.9146191994389379,0.9529352226720647
Tozeur,2012,3,15.954919906850488,5.2183657723486885,8.232062528115158
Tozeur,2012,4,16.191286112962757,8.200994773660218,4.267417341430496
Tozeur,2012,5,4.323127232189489,3.089671539796286,1.822733918128655
Tozeur,2012,6,1.8463376252884747,1.7298767988922363,0.8730459964012595
Tozeur,2012,7,0.02036749241220899,0.02036749241220899,0.02950686009896535
Tozeur,2012,8,0.1980446482560497,0.19201507749479194,0.07391475483580742
Tozeur,2012,9,12.817351832925544,12.619561597751806,1.0545715249662617
Tozeur,2012,10,9.159759795413862,3.0245494647584152,5.1557017543859605
Tozeur,2012,11,8.708432144781607,3.4379449019437285,3.5259784075573513
Tozeur,2012,12,1.763491749934419,1.4702937176004482,0.6808367071524964
Tozeur,2013,1,7.298936735660594,3.8381879870929385,3.0278058929374696
Tozeur,2013,2,3.7411891917402285,2.3004460530083244,2.1581899460188936
Tozeur,2013,3,8.193793319209695,3.029639644460314,5.515125955915425
Tozeur,2013,4,15.558174166543091,6.95609916943019,5.295827710301392
Tozeur,2013,5,6.779797277125905,2.75419280367509,3.633589181286548
Tozeur,2013,6,4.231012405791608,2.816944952114068,1.794857737291947
Tozeur,2013,7,0.04078213022824909,0.04078213022824909,0.05041048133153394
Tozeur,2013,8,3.4295234392085803,2.6800395555633347,1.5200742240215916
Tozeur,2013,9,23.870012786559453,17.764745763284743,1.8967751911830861
Tozeur,2013,10,9.113493226241486,5.0328670589490425,2.437753036437246
Tozeur,2013,11,11.940537190033776,7.060169262106863,2.626504161043633
Tozeur,2013,12,10.84753229087189,4.6199099905336425,4.3463647098515485
Tozeur,2014,1,6.9366863511294925,3.6461466187129417,2.599921277552854
Tozeur,2014,2,5.493558204323938,3.5578680149389705,1.9575320512820509
Tozeur,2014,3,9.896278299444894,5.100878251774306,3.3418803418803407
Tozeur,2014,4,8.450576296579746,2.6228036745088996,4.975750674763829
Tozeur,2014,5,6.186850179870767,2.9908937100192015,3.1097194107062505
Tozeur,2014,6,5.549298826062125,2.971569126302619,2.599555780476831
Tozeur,2014,7,0.019210979678876285,0.019210979678876285,0.033260233918128636
Tozeur,2014,8,0.0547583010575549,0.0547583010575549,0.025247413405308127
Tozeur,2014,9,10.251876647246041,4.946995073838097,2.8734536662168244
Tozeur,2014,10,9.845407254233098,4.726535019694788,2.778832096266305
Tozeur,2014,11,16.758347434521685,7.988554269919987,3.663911381016642
Tozeur,2014,12,3.5813672012954023,2.4317693866645214,1.154661493477283
Tozeur,2015,1,5.729802067004882,4.182614907283824,1.5762201979307249
Tozeur,2015,2,11.747446139267034,7.071495312203627,2.7385008996851083
Tozeur,2015,3,10.460082856520968,6.24341124300545,2.540106275303643
Tozeur,2015,4,4.322808114708714,2.798303578632119,1.886906770130453
Tozeur,2015,5,4.99770984207198,4.8686936572311375,1.0611785874943764
Tozeur,2015,6,3.224623834937173,2.3087184819142728,1.2943376068376065
Tozeur,2015,7,0.0,0.0,0.0
Tozeur,2015,8,6.138981006277475,3.0529389195387147,2.81001180836707
Tozeur,2015,9,14.016268630512474,8.618725565914433,2.3937246963562724
Tozeur,2015,10,9.751766022478677,4.273028049227545,4.245079847053528
Tozeur,2015,11,3.731460519741633,1.961097325521361,1.0160678137651815
Tozeur,2015,12,4.1879569128092005,3.189342581303775,1.47991171839856
Tozeur,2016,1,3.1171400100168687,2.517149868797889,0.9443741565452091
Tozeur,2016,2,4.816689089804279,2.0044238300109205,3.6628711201079587
Tozeur,2016,3,5.587616469438748,3.8930268522370386,1.720254161043634
Tozeur,2016,4,11.238118101126714,6.08400494017099,3.605403733693206
Tozeur,2016,5,13.519826733495057,5.462786696821087,3.6516250562303174
Tozeur,2016,6,1.9462712741231938,1.4759094157715764,0.8453947368421051
Tozeur,2016,7,0.0,0.0,0.0
Tozeur,2016,8,0.0675939909218937,0.0675939909218937,0.02637201979307241
Tozeur,2016,9,20.173325359142606,12.710990027323849,2.029338169140799
Tozeur,2016,10,6.439861702242989,4.722149699584514,1.54350820962663
Tozeur,2016,11,8.538350439292355,5.246097508144242,2.446314102564101
Tozeur,2016,12,15.233359610604875,8.14132502892239,3.113191632928473
Tozeur,2017,1,1.3343078868678968,1.0951300607378338,0.4168915879442193
Tozeur,2017,2,5.682623667790361,3.5743507598118294,2.3787955465587047
Tozeur,2017,3,7.193057023766364,4.427039786864923,1.8488810166441736
Tozeur,2017,4,19.394413955967146,8.846895521891257,4.007900359874041
Tozeur,2017,5,7.937031271975122,2.9437661126953105,4.062106387764281
Tozeur,2017,6,3.325931517825407,2.350046288444117,1.754259446693657
Tozeur,2017,7,0.14801595505750959,0.14801595505750959,0.05514788573999098
Tozeur,2017,8,0.008458344903458249,0.008458344903458249,0.004034525416104362
Tozeur,2017,9,12.359354583983057,5.606856634641784,2.795096716149346
Tozeur,2017,10,17.40244862222074,13.649281369670513,1.5333305218173636
Tozeur,2017,11,20.964725899487867,11.632491208428576,2.3055696131354027
Tozeur,2017,12,5.184293679604779,3.7176155243596787,1.5659581646423755
Tozeur,2018,1,4.197456420465859,2.8945053113633654,1.6719663742690054
Tozeur,2018,2,12.91436604013874,10.427216619370462,1.9265772604588383
Tozeur,2018,3,7.355519065159167,4.663900888390465,2.418142712550607
Tozeur,2018,4,9.927695010640422,4.5307903257636415,4.313399685110209
Tozeur,2018,5,10.061654640872781,3.9240322552614644,3.2873791048133127
Tozeur,2018,6,4.804666723620296,2.848803261411425,2.896550269905531
Tozeur,2018,7,0.42580086637218756,0.4253286505949622,0.45532501124606367
Tozeur,2018,8,3.0500441627253614,1.528104004049207,3.394244826810615
Tozeur,2018,9,9.191176545897141,6.730911456789185,1.7822621457489882
Tozeur,2018,10,13.796758151273409,5.673765982582899,3.8410228295096713
Tozeur,2018,11,10.34088898716671,6.051415015808024,2.2163461538461537
Tozeur,2018,12,2.698515785497562,1.868197062935509,2.140505510571299
Tozeur,2019,1,6.7363092550589725,5.454012061735289,1.457405533063427
Tozeur,2019,2,5.283482552763261,2.3437900319469214,3.4640969410706237
Tozeur,2019,3,13.006412323653523,4.645196425374485,3.941393949617632
Tozeur,2019,4,11.773747452848092,9.31356653202454,2.6686628430049453
Tozeur,2019,5,11.220802068879573,8.22395644239407,2.461510346378766
Tozeur,2019,6,2.1948076620009416,1.9434910939090548,1.2274516419253263
Tozeur,2019,7,0.011518554994103284,0.011518554994103284,0.007239653621232565
Tozeur,2019,8,2.5558595888624964,2.5480252494930777,0.6349105937921725
Tozeur,2019,9,16.7338962328515,10.839426220555957,2.493027440395859
Tozeur,2019,10,10.742781745484393,6.979598776575171,2.418719073324335
Tozeur,2019,11,16.850937457287593,7.265722658992939,4.489006972559603
Tozeur,2019,12,6.6009210933882105,2.516689692525459,3.6626180836707123
Tozeur,2020,1,4.363015574981672,2.435560812066788,1.3309997750787221
Tozeur,2020,2,4.095966296299813,3.7701858832034576,1.3061459739091328
Tozeur,2020,3,11.421360540657467,6.484365183137793,2.6250421727395397
Tozeur,2020,4,10.280503055949664,4.903573693922922,3.162069838056679
Tozeur,2020,5,7.702965195991257,2.8019408309749223,5.2782416779127255
Tozeur,2020,6,4.869173644123942,2.2514972646950695,4.735295771479978
Tozeur,2020,7,0.18272725101807769,0.16590967775705573,0.3517065901934322
Tozeur,2020,8,0.0,0.0,0.0
Tozeur,2020,9,16.429543115529825,10.929707108721551,2.812022042285199
Tozeur,2020,10,5.265073630847216,3.5283715676481093,1.6173948493027435
Tozeur,2020,11,10.237484363305283,5.827394971061783,2.075812528115157
Tozeur,2020,12,5.585185084269085,4.534304516784611,1.487474696356275
Tozeur,2021,1,2.92091085469108,2.5611479397849743,0.8286240440845699
Tozeur,2021,2,6.024142683921246,1.992518124182331,5.472109761583445
Tozeur,2021,3,3.5011218980095475,2.5754771716691613,1.2143640350877194
Tozeur,2021,4,8.152326489079805,3.9918227266324173,2.9326641925326116
Tozeur,2021,5,7.768887918409806,2.1378186970590547,5.871007647323431
Tozeur,2021,6,4.750847845471927,1.8770821839646403,3.6815677013045423
Tozeur,2021,7,0.0,0.0,0.0
Tozeur,2021,8,0.08024751664957533,0.08024751664957533,0.027341992802519106
Tozeur,2021,9,7.515918847066197,5.857346507473883,1.4340980656770126
Tozeur,2021,10,1.9421879436470502,1.0892719897134473,0.5381944444444444
Tozeur,2021,11,15.378271963608206,9.412536756135944,2.30109930274404
Tozeur,2021,12,0.054676655155417586,0.043625572043606335,0.01851383265856949
Tozeur,2022,1,2.353359649947403,2.2000336258986795,0.5012792397660818
Tozeur,2022,2,4.065232825911678,2.508870900479561,1.482132816014395
Tozeur,2022,3,18.724397997070614,7.4614072004069145,4.24855206927575
Tozeur,2022,4,8.658853498938957,4.088039577972548,3.913405308142145
Tozeur,2022,5,7.338263532109937,3.393235038178315,2.816661043634727
Tozeur,2022,6,3.2308870897843662,2.3073463153481155,2.3379582771030143
Tozeur,2022,7,0.11663612754855449,0.11663612754855449,0.05294084570400357
Tozeur,2022,8,0.1920038046138515,0.1920038046138515,0.07481443994601886
Tozeur,2022,9,13.09712910336018,8.502809662688602,2.3559098065677007
Tozeur,2022,10,3.2656250052351807,3.081371178752498,0.6669478182636076
Tozeur,2022,11,4.6792752286716714,3.398438535382685,1.1864597390913176
Tozeur,2022,12,6.98010872684593,6.109608217440393,1.5096716149347726
Tozeur,2023,1,0.3580992879782555,0.2524452808099825,0.1579509671614934
Tozeur,2023,2,7.2902774017746585,3.457068195696408,2.7052828385065206
Tozeur,2023,3,5.085400424935371,3.8976275950462416,2.055836707152495
Tozeur,2023,4,8.138446071302898,7.088181502651213,1.6598206252811514
Tozeur,2023,5,17.754770105593217,9.238740028733877,2.9812471884840286
Tozeur,2023,6,6.7822032249656194,3.6393156946744387,1.8016053756185328
Tozeur,2023,7,0.2511331722411789,0.2511331722411789,0.33838000449842537
Tozeur,2023,8,3.466713725912225,2.8029102376631614,1.4052378542510116
Tozeur,2023,9,6.687576072980125,4.751105810386126,1.6362320062977953
Tozeur,2023,10,1.6318033838571708,1.18448000158771,0.5388410931174087
Tozeur,2023,11,10.625810482882345,6.668977425140846,2.1653311965811946
Tozeur,2023,12,8.37720085278545,5.044884257789429,2.505313765182186
Tozeur,2024,1,3.2848482891201636,2.401724916762572,1.1004695231668913
Tozeur,2024,2,5.724862813914284,1.610813410606217,5.809899347728289
Tozeur,2024,3,6.3876177519492785,3.3188946572288676,2.298456477732792
Tozeur,2024,4,19.16485050612018,11.244697278052955,6.186501911830856
Tozeur,2024,5,9.465591420042365,5.175262082845731,4.244278565002248
Tozeur,2024,6,2.787437172945731,1.8022806335532187,2.338141025641025
Tozeur,2024,7,0.0,0.0,0.0
Tozeur,2024,8,3.316107386556064,1.8556145524352217,4.375365497076024
Tozeur,2024,9,21.272095129139256,10.902708288505028,4.709415766981555
Tozeur,2024,10,14.179767901138474,9.71798962684121,3.331899460188933
Tozeur,2024,11,3.237531268313103,1.8750065245836953,0.9253261358524512
Tozeur,2024,12,0.7486996260604445,0.5622667407384871,0.25191183085919916
